channel,mean_coherence_all_freqs,std_coherence_all_freqs,max_coherence,freq_at_max_coherence,band_mean_coherence,band_std_coherence,band_valid_bins,band_total_bins,band_nan_fraction,time_domain_corr,std,rms
H1_IMC_WFS_B_Q_YAW_OUT_DQ,0.031196402771091095,0.07399227677733498,0.9442850158816111,60.0,0.295146313859389,0.2102655289829792,41,41,0.0,-7.241306566427175e-07,824.8569447767536,839.4812487123858
H1_IMC_WFS_A_DC_YAW_OUT_DQ,0.032004732657403154,0.07411965570902698,0.9587676612773384,60.0,0.2950847365056213,0.21019343219222014,41,41,0.0,9.306120658771063e-08,0.044688346714960595,0.045109125189440026
H1_PEM_CS_ACC_PSL_PERISCOPE_X_DQ,0.031174535422207203,0.06268376640985403,0.7506409319311126,177.0,0.294700001955633,0.21198584827565267,41,41,0.0,-4.02576235641546e-05,166.75783467869294,166.8015691808616
H1_IMC_WFS_B_DC_YAW_OUT_DQ,0.021801781576394928,0.07168800577139484,0.9318056051055318,60.0,0.29287099662661736,0.21017334499793894,41,41,0.0,-2.6307601077857437e-05,0.021500139824174105,0.1337859351629434
H1_IMC_DOF_4_Y_IN1_DQ,0.0218017853303094,0.07168801099388862,0.9318056395978207,60.0,0.2928709858785813,0.21017336044613563,41,41,0.0,-2.6307632525274725e-05,0.0008600055930313859,0.005351437406517158
H1_PEM_CS_ACC_PSL_TABLE1_X_DQ,0.025139388226039124,0.05999376798083841,0.7270330089014725,121.5,0.29282403978617394,0.21113711181288494,41,41,0.0,-4.714272804362318e-05,46.2546790097178,46.29707456361188
H1_IMC_DOF_1_Y_IN1_DQ,0.018834409760613593,0.07103922559233286,0.9342052824544776,60.0,0.29235614921747954,0.210781657881665,41,41,0.0,-3.4044351584917045e-05,0.5236870777488987,0.5250758701042794
H1_IMC_WFS_B_I_YAW_OUT_DQ,0.018758724722185698,0.07101887010626548,0.9343322727687878,60.0,0.29232758092485445,0.21081490077203283,41,41,0.0,3.4661418914844205e-05,195.38281769596676,195.874952706603
H1_IMC_WFS_B_Q_PIT_OUT_DQ,0.023811235606420716,0.06813137853110174,0.773579873499658,60.0,0.2902061244586255,0.21037113482398653,41,41,0.0,-9.751174689267893e-05,899.5077424271302,1420.843172476075
H1_LSC_REFL_SERVO_CTRL_OUT_DQ,0.016626008277211148,0.07122460163918012,0.9892836203576174,60.0,0.28668623793271353,0.21115765878184586,41,41,0.0,0.000262141821830747,1.1687364957789992,4.888520378650061
H1_LSC_MCL_OUT_DQ,0.016550094103260162,0.07117826970764064,0.9892612069824133,60.0,0.2866177880349002,0.21117657171499737,41,41,0.0,1.2654022208565015e-05,13.397154507594887,13.397165089408018
H1_LSC_MCL_IN1_DQ,0.01660297193894249,0.0712162128932522,0.9892484529540863,60.0,0.2866105199843438,0.21116597209939642,41,41,0.0,0.0009163202896914716,12.209604601099555,12.2096046261033
H1_LSC_REFL_SERVO_ERR_OUT_DQ,0.016251685481602995,0.07091348348634803,0.9886767339698627,60.0,0.2856567469218016,0.2112220292451615,41,41,0.0,-0.0009418920817651792,0.00040020391507515076,0.0025932395871715104
H1_PEM_CS_ACC_PSL_TABLE1_Z_DQ,0.024872245966026153,0.059508951355879774,0.730995799477257,177.0,0.2855341318221233,0.2162661191090681,41,41,0.0,-0.0002295857792203455,43.203654834036406,43.301749594961876
H1_IMC_DOF_2_Y_IN1_DQ,0.013719823313599453,0.06748011801251028,0.9225838136293367,60.0,0.2830173333294421,0.2121952612231378,41,41,0.0,4.434851768791084e-05,0.9840254668730116,0.9842168010534049
H1_IMC_L_OUT_DQ,0.022895977080522618,0.07617149265251635,0.9637666055791584,60.0,0.2807027633863529,0.21384401557166385,41,41,0.0,-1.4241597527456264e-05,1671.0183349576869,1715.8781216517668
H1_IMC_F_OUT_DQ,0.023016400711881272,0.07611866678244276,0.9635491809830652,60.0,0.2806877968789738,0.2138725974259884,41,41,0.0,1.4327313430376822e-05,8.539096994088608,8.539123033122262
H1_IMC_WFS_B_I_PIT_OUT_DQ,0.014536383853529605,0.06462013858314376,0.8313532533752662,60.0,0.27901064130982556,0.21212127510484644,41,41,0.0,-0.00010002504622704858,227.58125190153228,227.6487122494652
H1_PSL_PMC_HV_MON_OUT_DQ,0.015856308526163515,0.0668427768530806,0.9482684546613378,180.0,0.2786768229653906,0.21265364892914462,41,41,0.0,-1.2472919839851896e-05,0.003882138966380377,3.698026693650763
H1_IMC_DOF_2_P_IN1_DQ,0.013660173830796462,0.06412677390692269,0.8136323922330476,60.0,0.2782466705452612,0.21316442174954925,41,41,0.0,-9.211908415626197e-05,2.450455546878086,2.456503744445467
H1_IMC_WFS_A_Q_YAW_OUT_DQ,0.016362810843503137,0.06389548314022611,0.7337894998993307,177.0,0.27656281497270135,0.2169976961106698,41,41,0.0,1.1755051283013189e-05,259.04997358244157,717.6013119159184
H1_IMC_WFS_A_DC_PIT_OUT_DQ,0.023072187219626575,0.06398937619968374,0.7264522775523226,177.0,0.2754272982864865,0.2080849653050393,41,41,0.0,-9.7088352034065e-05,0.04217762886413099,0.08307808196466979
H1_PSL_PMC_MIXER_OUT_DQ,0.013281368081916253,0.06953470759196505,0.9431509553706882,180.0,0.27436229134500445,0.2123002095187485,41,41,0.0,-0.0002762788620117872,0.00010002640261230152,0.0003682047903261468
H1_IMC_WFS_A_Q_PIT_OUT_DQ,0.012461385771517675,0.061368677111168286,0.7288317793845196,177.0,0.2734967283068868,0.21303393861598743,41,41,0.0,-4.515018008390118e-06,280.551226691661,883.846422045445
H1_PEM_CS_ACC_PSL_PERISCOPE_Y_DQ,0.0275012547240254,0.06020488474231594,0.7509672057051339,177.0,0.26152078170393184,0.22663466125338913,41,41,0.0,1.8649954759839505e-05,151.70419775765149,151.77589080941272
H1_IMC_DOF_1_P_IN1_DQ,0.00896950658162722,0.05358911920511783,0.6828507833310486,121.5,0.23752419634928318,0.20791629040069617,41,41,0.0,3.123593835190595e-05,0.14095089206256015,0.14255112925797703
H1_HPI_HAM1_BLND_L4C_RY_IN1_DQ,0.008950914670599375,0.04936033861117902,0.7175702743306647,177.0,0.22992625501478392,0.1901959703920624,41,41,0.0,-4.371530389928126e-06,326.34603640941793,327.2994662265016
H1_LSC_PRCL_IN1_DQ,0.015185065372550556,0.06784116478052606,0.9889806655924128,60.0,0.22762611465714214,0.20136186014960036,41,41,0.0,-0.0276586499669733,0.14340711778731016,0.14340711781793425
H1_LSC_POP_A_RF9_I_ERR_DQ,0.015280361556590285,0.06782757801940836,0.9889790668919806,60.0,0.22762288478637918,0.20135549120060214,41,41,0.0,-0.02753968726799709,116.87943683964488,116.87943686574417
H1_LSC_PRCL_OUT_DQ,0.014807040259940637,0.0675023275048968,0.9889761498232714,60.0,0.22762106141240743,0.20135507944681005,41,41,0.0,4.0571630118186675e-05,8887.390633508998,8887.452747593952
H1_PEM_CS_ACC_LVEAFLOOR_BS_Y_DQ,0.006558877632901965,0.04361438357641048,0.6689188281610994,121.5,0.2256259670721648,0.2021674542087747,41,41,0.0,0.00028173881503911987,9.092943398791622,21.24258892364611
H1_HPI_HAM4_BLND_L4C_RX_IN1_DQ,0.007163081549065336,0.04619779403873009,0.6828094720556837,177.0,0.22553725755327336,0.18491183609380413,41,41,0.0,0.00013953178169693486,244.00145916071088,244.38027881503413
H1_IMC_IM4_TRANS_YAW_OUT_DQ,0.00886583527886767,0.05579428318127223,0.8163109049426092,60.0,0.22195623915069387,0.20284966376468302,41,41,0.0,-8.661594679732646e-05,0.0005012321801052314,0.3013942433944914
H1_HPI_HAM2_BLND_L4C_Z_IN1_DQ,0.008193112562990285,0.050771364327647325,0.8385197414036119,180.0,0.21465797806088546,0.17507963847029961,41,41,0.0,-0.00015720192018284254,635.9668762556947,635.9712674312947
H1_HPI_HAM4_BLND_L4C_Y_IN1_DQ,0.00716071999590853,0.044718338946589505,0.6938989553581358,177.0,0.21458182681385118,0.1700544917875659,41,41,0.0,0.00021954181529219166,473.7792922242989,474.1616360824515
H1_HPI_HAM6_BLND_L4C_Y_IN1_DQ,0.006755943976697555,0.043661996099536506,0.5842124919058198,122.5,0.21371020580180547,0.17869375387831843,41,41,0.0,0.0001744599538818904,527.0493572863066,527.6245254821162
H1_HPI_HAM4_BLND_L4C_Z_IN1_DQ,0.006811003220271765,0.04408727970154049,0.6562209335823953,121.5,0.21232201463578712,0.19294309264558293,41,41,0.0,0.0019421043989844987,619.6953850235394,619.7050607155539
H1_PEM_CS_ACC_LVEAFLOOR_HAM1_Y_DQ,0.008324039802155347,0.048499129374194976,0.6640635695070698,177.0,0.21153777617715022,0.19580199398250586,41,41,0.0,0.00047584341382682767,8.099121926829222,178.46386462606463
H1_HPI_HAM5_BLND_L4C_Z_IN1_DQ,0.007422931683830231,0.04563186877992156,0.6958458555327048,177.0,0.209664399047482,0.18080194293230345,41,41,0.0,-0.00028563349355813683,741.5069012221879,741.6931212547408
H1_HPI_HAM3_BLND_L4C_X_IN1_DQ,0.006698547523613762,0.043103178461208404,0.6504902347931781,177.0,0.20897297652486904,0.17741447864390078,41,41,0.0,-0.0013448987062191775,372.4650180526025,372.53646165731476
H1_HPI_HAM5_BLND_L4C_RX_IN1_DQ,0.007145678572457418,0.04492163130880194,0.6910259235887833,177.0,0.20881179270480305,0.17707551941157598,41,41,0.0,-2.400844329033177e-05,483.8919867602618,485.15353208312143
H1_HPI_HAM4_BLND_L4C_HP_IN1_DQ,0.006790151449044824,0.04341085836839569,0.6286187940534308,122.0,0.20873110720452212,0.1839608900775506,41,41,0.0,-4.112770923868163e-06,408.47665137664575,410.1017925783413
H1_HPI_HAM1_BLND_L4C_RX_IN1_DQ,0.009336216124345733,0.05686194648483172,0.8863890553404149,180.0,0.20829892861581942,0.21186601105873237,41,41,0.0,4.637210474305133e-05,456.34094720663234,456.4123779277664
H1_HPI_HAM3_BLND_L4C_RZ_IN1_DQ,0.006441717946054109,0.04161971482150617,0.6712330824077603,121.5,0.2079912405824206,0.18537838148357624,41,41,0.0,0.00025578468005709273,110.34597280324313,110.85718607896438
H1_HPI_HAM3_BLND_L4C_HP_IN1_DQ,0.0063606179966107824,0.043166919601921296,0.6605549378704838,121.5,0.2077582431254436,0.18875101448752463,41,41,0.0,0.00015724993102934204,217.79632145019718,220.57874048853927
H1_HPI_HAM5_BLND_L4C_RY_IN1_DQ,0.007307070821170139,0.04501917495254296,0.6762384086516287,177.0,0.2076043824427344,0.17706236921489246,41,41,0.0,2.2084587404553947e-05,709.0860799420028,709.3070639878638
H1_ISI_HAM7_BLND_GS13RY_IN1_DQ,0.006114384349318077,0.04162973737648706,0.6489471690551439,121.5,0.20682068633620546,0.18611502797556637,41,41,0.0,0.00040305847924301645,5.4055964216137085,5.595549548207621
H1_IMC_WFS_A_I_PIT_OUT_DQ,0.00729192993014612,0.046966235696879965,0.6477242052514605,121.5,0.20660319279900943,0.19625245807021768,41,41,0.0,-9.790867319137714e-07,97.50291759533494,98.68458999424455
H1_ISI_HAM3_BLND_GS13RY_IN1_DQ,0.007168719159120424,0.05405722960792049,0.8977271109230313,60.0,0.20650721776546468,0.1955735427539371,41,41,0.0,-0.0021990799725397935,3.1683831109488696,4.652493466843305
H1_HPI_HAM3_BLND_L4C_Z_IN1_DQ,0.006881511057296033,0.04545625638205529,0.6468380618358689,121.5,0.2056036380622503,0.1989858148954662,41,41,0.0,0.0015870678168415757,605.0399583274598,605.0463130673737
H1_HPI_BS_BLND_L4C_Y_IN1_DQ,0.006613528634358697,0.043088047704450676,0.6447279625823784,177.0,0.20552513608541978,0.17806939178956357,41,41,0.0,0.00017038492409997762,547.3162230661308,548.3458433437016
H1_PEM_CS_ACC_PSL_TABLE1_Y_DQ,0.020163489006955568,0.051400824541236595,0.6752980873493217,177.0,0.20543000550119542,0.22191721006761259,41,41,0.0,9.20317286901279e-05,49.08834195982299,49.23510766497332
H1_HPI_ITMX_BLND_L4C_RY_IN1_DQ,0.007136789580847133,0.04585675907650144,0.7857881417784577,180.0,0.20307742151023783,0.17729761716411765,41,41,0.0,-0.0005580194153864206,217.7763391297232,222.92343042243317
H1_HPI_ITMX_BLND_L4C_X_IN1_DQ,0.007743760254375167,0.05056699428512313,0.8863823340147456,180.0,0.20302792287861568,0.18275023391366346,41,41,0.0,-0.0017638012767692201,653.0866805050495,654.8779476398622
H1_HPI_HAM3_BLND_L4C_Y_IN1_DQ,0.007452357315447069,0.049077930440905214,0.7280194642604687,180.0,0.202895705024622,0.189641077785009,41,41,0.0,0.0006844422716080029,829.1875684247611,831.2930194311072
H1_HPI_HAM4_BLND_L4C_RY_IN1_DQ,0.007777282415609685,0.051971122556878115,0.9225545990776853,180.0,0.20246777344204694,0.16608865394097433,41,41,0.0,0.00021659268165320091,410.78429563414835,411.25058792420134
H1_PSL_BES_A_PIT_OUT_DQ,0.00793182926890044,0.04407879037590199,0.6019889296762463,122.0,0.20142951413426338,0.19284067561713433,41,41,0.0,3.686859290274396e-05,0.002585200445760193,0.0026013273032775624
H1_PEM_CS_ACC_LVEAFLOOR_BS_Z_DQ,0.006954693705554199,0.0436436901173113,0.6542775902384967,177.0,0.20078054549147903,0.18363311803405208,41,41,0.0,7.756203890374271e-05,23.904544025397886,27.33861633636631
H1_HPI_ITMX_BLND_L4C_VP_IN1_DQ,0.007216749053104968,0.04738567343165328,0.6751590667707643,121.5,0.1994939239671306,0.19533774974488166,41,41,0.0,0.0002506394945096193,296.3743356340445,298.73017491158777
H1_HPI_HAM1_BLND_L4C_X_IN1_DQ,0.008154498528928723,0.04757903889599395,0.7215618421988707,177.0,0.19868795525172311,0.19187213224393757,41,41,0.0,2.2357958386628114e-05,380.564418539047,381.5155497744571
H1_ISI_HAM5_BLND_GS13RX_IN1_DQ,0.008437714677099757,0.061034181995933946,0.9388270903770993,60.0,0.19857486906968522,0.1888685255851216,41,41,0.0,0.0054171879043690635,3.8812430398568805,5.954014735398476
H1_ISI_HAM7_BLND_GS13RX_IN1_DQ,0.005774844462210077,0.03872214265010825,0.6037627716023848,121.5,0.19855862420405587,0.1655197953235982,41,41,0.0,0.000494467315102741,5.329262637853551,8.981251045272291
H1_HPI_BS_BLND_L4C_RX_IN1_DQ,0.006568881986302709,0.04155665796372069,0.6138033323216581,177.0,0.1975993852043436,0.16975374839211965,41,41,0.0,-1.2397176414684454e-05,380.57417193705396,382.28919957044667
H1_HPI_HAM6_BLND_L4C_HP_IN1_DQ,0.006287151680447453,0.041822511988024405,0.6556193292053211,177.0,0.19658059131683583,0.17001915931237224,41,41,0.0,9.057508248497742e-05,334.5495798276707,336.6618659371011
H1_PEM_CS_ACC_LVEAFLOOR_HAM6_Z_DQ,0.006841278517287353,0.043765200064389345,0.6837176335741062,177.0,0.19620192407999854,0.18531278556442152,41,41,0.0,0.0003076784543117579,28.866098990201156,29.10343541467322
H1_PEM_CS_ACC_EBAY_FLOOR_Z_DQ,0.006350384221565356,0.04044849010608443,0.5765464707497865,122.0,0.1955372867533916,0.16712696684614337,41,41,0.0,-2.6044879852418933e-05,55.57911599133373,55.60980884254643
H1_HPI_HAM2_BLND_L4C_RY_IN1_DQ,0.007692247438817726,0.04391300856954285,0.6685076874491782,180.0,0.1954764402295197,0.1435174173959837,41,41,0.0,-0.00012638305846082452,240.41271089771524,242.18520913930365
H1_HPI_HAM4_BLND_L4C_X_IN1_DQ,0.007563709110245519,0.0494389600377208,0.8040612150616167,180.0,0.19471785757368887,0.19291162324928549,41,41,0.0,-0.00043109483370126783,1231.6567332654436,1231.6617076406212
H1_PEM_CS_ACC_HAM6_OMC_X_DQ,0.007372551660029619,0.047586850697294694,0.7147784774112932,177.0,0.19457598615909913,0.16850171995638855,41,41,0.0,3.675791260240954e-05,91.75698387632119,92.1834446953874
H1_IMC_WFS_A_I_YAW_OUT_DQ,0.006944358341553652,0.0440056392853935,0.6452088882507786,121.5,0.19433073784447136,0.19524405221636199,41,41,0.0,-1.134642894508817e-05,65.44957701777716,65.85267360968336
H1_HPI_ITMX_BLND_L4C_RZ_IN1_DQ,0.007288603185832884,0.04956501654854821,0.8544607796801403,180.0,0.19432911447316273,0.19525168985380625,41,41,0.0,0.00011619597204664178,260.23748005338075,262.18564560317986
H1_ISI_HAM7_BLND_GS13Z_IN1_DQ,0.008446952035595458,0.05393000224284895,0.954635159491656,180.0,0.19402326118024849,0.1572786409883475,41,41,0.0,-2.556809876559036e-05,12.46684973320843,12.491643143688728
H1_HPI_HAM5_BLND_L4C_X_IN1_DQ,0.007369932208972674,0.0451979902464114,0.6552640025088318,177.0,0.19400814104808348,0.17377132096635414,41,41,0.0,-0.0010133716255969257,1461.0068010473417,1461.5597582978414
H1_ISI_HAM5_BLND_GS13RY_IN1_DQ,0.007036858029694933,0.05076886644402295,0.940969214654795,180.0,0.19312485970802176,0.17667265233906826,41,41,0.0,-0.002099670589492546,4.638767773394894,4.779825471571203
H1_HPI_HAM6_BLND_L4C_Z_IN1_DQ,0.006445496399328239,0.04183316655527222,0.6085384226617755,177.0,0.19300738950311813,0.17607463669833667,41,41,0.0,-0.0005056338321504644,714.7382529953672,717.3219392104187
H1_PEM_CS_ACC_PSL_TABLE2_Z_DQ,0.020447396534110963,0.0488855476999037,0.6801674719331914,121.5,0.19279013225654695,0.20262314914724128,41,41,0.0,-0.00028143029388243965,41.533302013264795,41.758279622260275
H1_HPI_HAM3_BLND_L4C_VP_IN1_DQ,0.00544313940355613,0.03686917779933683,0.5595533565688873,122.0,0.19269873741370055,0.17199113471824382,41,41,0.0,-7.393316621340023e-05,178.57594839882842,178.61767609663184
H1_PEM_CS_ACC_HAM6_OMC_Y_DQ,0.006975067968244341,0.04467842458670474,0.6160202663628652,122.0,0.19261165602119762,0.17444359478935298,41,41,0.0,-5.222025976794754e-06,118.79578296754532,210.004559762733
H1_HPI_HAM6_BLND_L4C_RY_IN1_DQ,0.0064698194307577835,0.041838740998391015,0.670558810890624,177.0,0.1920486837941889,0.17622001707171386,41,41,0.0,-2.904817050836073e-05,882.0929289976324,882.1158300386337
H1_HPI_BS_BLND_L4C_VP_IN1_DQ,0.006009350267796661,0.03937581777870544,0.5988368690143439,122.0,0.1909277943918049,0.17495347833817526,41,41,0.0,0.0002078098113489661,276.0042125650691,276.00783734079556
H1_PEM_CS_ACC_HAM6_OMC_Z_DQ,0.007346984944289398,0.046998696786889185,0.6914838500042843,177.0,0.190484697868798,0.17415845535939883,41,41,0.0,3.938816263258752e-05,143.6522510950829,144.65811168193866
H1_ISI_HAM5_BLND_GS13Z_IN1_DQ,0.008643695074830997,0.06236220707345582,0.9848856684621917,60.0,0.18957111198961668,0.16798217998382192,41,41,0.0,0.0001820250491668268,3.358016820173601,4.876133991939536
H1_HPI_HAM5_BLND_L4C_VP_IN1_DQ,0.006577938102223627,0.04053268140289208,0.6674444845714486,177.0,0.18901022635979325,0.1561210909947763,41,41,0.0,-1.8770515645088258e-05,568.6155380424623,570.031633244595
H1_HPI_BS_BLND_L4C_Z_IN1_DQ,0.006268456269407531,0.041816034695932466,0.6138954770767753,121.5,0.18873163649825242,0.18658111476484363,41,41,0.0,0.001570157834983485,892.7076714104436,893.2632506982064
H1_PEM_CS_ACC_LVEAFLOOR_XCRYO_Z_DQ,0.00622461021548349,0.03901793870905243,0.568967341362598,122.5,0.18824151790183752,0.16812713983902666,41,41,0.0,7.686793371226204e-05,23.28913714702872,155.7897359678313
H1_PEM_CS_ACC_HAM2_PRM_Z_DQ,0.007818484493883981,0.048123959048141894,0.7593285792821239,180.0,0.18758509287304745,0.1857598593849986,41,41,0.0,-0.00011823547256593346,63.41077265252062,71.50411500715488
H1_HPI_ITMX_BLND_L4C_RX_IN1_DQ,0.0066588161444493124,0.04224376279757217,0.7275198095138109,177.0,0.18601914314466764,0.15949242514119635,41,41,0.0,-0.00010441155694838596,242.2079768398412,242.21186490256292
H1_PEM_CS_ACC_BSC3_ITMX_Z_DQ,0.006360902709893223,0.04711960264359138,0.8832437276801739,180.0,0.18591980791674798,0.18117590594734395,41,41,0.0,2.522593488133706e-06,254.5291493997373,256.65490754817387
H1_HPI_ITMX_BLND_L4C_HP_IN1_DQ,0.007363172376135138,0.05025415832749914,0.821369135902655,180.0,0.18550958157648656,0.1965065035448472,41,41,0.0,0.0005465075026321406,243.5719119053882,248.96090924104595
H1_PEM_CS_ACC_LVEAFLOOR_HAM1_Z_DQ,0.008086561464001456,0.04374341586124429,0.7136747080679716,177.0,0.18470232488035151,0.16406705821078607,41,41,0.0,-0.00019301379608771985,20.985679356626243,174.21138750983167
H1_HPI_HAM2_BLND_L4C_HP_IN1_DQ,0.0066122421864323,0.04204355822529181,0.6423350717539398,121.5,0.18466326973445418,0.17941707447503555,41,41,0.0,0.00014319616114650242,230.6877294207325,231.63108119578123
H1_HPI_ITMX_BLND_L4C_Y_IN1_DQ,0.007421745247344878,0.05193292957866863,0.8914676887783829,180.0,0.18462440353504564,0.18922042815937742,41,41,0.0,-0.0005089507464514232,514.9688952905191,516.8033997702792
H1_HPI_HAM1_BLND_L4C_Y_IN1_DQ,0.008784797492034709,0.04794633664519782,0.6788243500764564,177.0,0.18308859037961794,0.16431953929360688,41,41,0.0,0.0003539264037581954,899.7816022438498,903.7752570447191
H1_HPI_HAM5_BLND_L4C_Y_IN1_DQ,0.006857066855762113,0.044203158061204194,0.6998684836345703,177.0,0.1829894500360841,0.17711851334870843,41,41,0.0,4.305426390206347e-05,533.8426899329468,534.2421412166304
H1_ASC_REFL_B_RF45_I_YAW_OUT_DQ,0.007031913247304452,0.04545199292461077,0.7088131732950352,60.0,0.18268414786983947,0.1849948413545727,41,41,0.0,-0.0018778625452875734,400.0237150440217,415.54744362093464
H1_HPI_HAM3_BLND_L4C_RX_IN1_DQ,0.007729829988529065,0.05281369354346646,0.9475476965664985,180.0,0.1822574572506583,0.18015119030254978,41,41,0.0,-0.00046302954302211116,355.8027677889547,355.9316996620982
H1_HPI_HAM5_BLND_L4C_RZ_IN1_DQ,0.006436054213257291,0.040838358415578334,0.6667916899512014,177.0,0.18172732571340772,0.1628898905856355,41,41,0.0,-0.00027163289614954796,200.54245113621516,200.91465323274895
H1_HPI_HAM1_BLND_L4C_RZ_IN1_DQ,0.007970416191034075,0.04488927249656038,0.7053448905712982,180.0,0.18088818727757647,0.15842735155107224,41,41,0.0,-0.00047372507451462286,125.9577412543961,131.3426239198606
H1_HPI_HAM3_BLND_L4C_RY_IN1_DQ,0.006573605793476842,0.04358576160098983,0.6727225397300086,177.0,0.18009657677811472,0.18047694749156518,41,41,0.0,-0.0005434811527338831,195.4337735608218,196.19508220263512
H1_HPI_HAM2_BLND_L4C_X_IN1_DQ,0.006812963851614354,0.03818311290892127,0.6449785505404348,177.0,0.17954207179617915,0.13099704479884347,41,41,0.0,-0.0010258053374377258,401.1886209395627,401.2037435081598
H1_HPI_HAM4_BLND_L4C_RZ_IN1_DQ,0.006121878829750549,0.04072534201050935,0.6376129515688217,180.0,0.17885920676343792,0.17399493346773068,41,41,0.0,-0.00025972609131641737,116.251145886222,116.68967104507563
H1_ASC_CHARD_Y_OUT_DQ,0.00884747756001653,0.05573196033955351,0.9316752048329126,60.0,0.17850105982033637,0.18334014378628935,41,41,0.0,0.011203853737569576,416.4479322698503,416.44866962167504
H1_LSC_REFL_A_RF45_I_ERR_DQ,0.023710743680181102,0.06345743727013398,0.9911328389655379,60.0,0.1771648916768941,0.18012432565241784,41,41,0.0,-0.0017384981919584088,0.03825860604829288,1.3741268832141718
H1_LSC_SRCL_OUT_DQ,0.011309103138258312,0.05685529626067978,0.8642968889345388,60.0,0.1768978593274557,0.1760247431176563,41,41,0.0,-0.0001633635015767667,10706.192191790507,10706.200407090979
H1_LSC_SRCL_IN1_DQ,0.012649529780687632,0.06046397884848233,0.8642416120717983,60.0,0.1768952347731611,0.17603990943984138,41,41,0.0,0.009426269717512797,1.9311071513114844,175.0103471459737
H1_HPI_BS_BLND_L4C_RZ_IN1_DQ,0.005968988675817282,0.03861968529568732,0.599113477511906,177.0,0.17683152167123697,0.16076046552339102,41,41,0.0,-0.00035175704523911824,206.3449968001595,206.43054958928107
H1_PEM_CS_ACC_HAM2_PRM_Y_DQ,0.006694557984052965,0.04075284925172201,0.7008638388576611,177.0,0.1766875086123932,0.1604203120007361,41,41,0.0,-3.263391502844638e-07,73.01957555452704,81.63504052110864
H1_ISI_HAM7_BLND_GS13RZ_IN1_DQ,0.007112461789570314,0.049505792786492524,0.9555848848380194,180.0,0.17645353362525867,0.14959203019675774,41,41,0.0,-0.0001973667240291317,2.7567233001420335,7.968875359093226
H1_ISI_GND_STS_ITMY_Z_DQ,0.006258951697406084,0.04054243886012119,0.7087396395585969,177.0,0.17523200750178514,0.16133695390394004,41,41,0.0,0.001250939673402992,686.7612518927111,808.2227164005678
H1_HPI_HAM6_BLND_L4C_RZ_IN1_DQ,0.006286978003717398,0.039739892332661536,0.6394583723922448,177.0,0.17521788066546595,0.1564992036484583,41,41,0.0,0.00011174377143843514,132.83442851592787,132.83506377227485
H1_HPI_ITMY_BLND_L4C_VP_IN1_DQ,0.006202575683296886,0.0393396832570079,0.7171708495141035,177.0,0.1748404616814944,0.14281114016300764,41,41,0.0,1.54340176571721e-05,256.0990407130084,259.05411669931715
H1_ISI_GND_STS_ITMY_X_DQ,0.005343877019984255,0.03460350798185772,0.6184509136282063,121.5,0.1735492492361119,0.15369691078502568,41,41,0.0,0.0005041804748116112,226.25526648302926,285.2448152095613
H1_HPI_HAM2_BLND_L4C_RX_IN1_DQ,0.008274115069344891,0.0501195118848641,0.9251330383119728,180.0,0.17340454509262362,0.14168524751225703,41,41,0.0,-3.97580732516015e-05,297.00512361195337,297.0325071575437
H1_PEM_CS_ACC_HAM5_SRM_X_DQ,0.005878383553636279,0.03635796614278563,0.5721799018827857,122.0,0.17191165753869908,0.14352186360925412,41,41,0.0,1.4177479432253214e-05,88.44919113060251,88.44948561463326
H1_PEM_CS_ACC_IOT2_IMC_Y_DQ,0.0067874584717618446,0.048205077391302344,0.8307597914635555,180.0,0.1716696023199205,0.17496883762087864,41,41,0.0,0.0001079490530198555,34.15026494928076,354.2702409610114
H1_PEM_CS_MIC_LVEA_OUTPUTOPTICS_DQ,0.005365201499852576,0.037866293267025834,0.6415462498241132,121.5,0.1716345823351227,0.17428044722353409,41,41,0.0,-0.0025133854244343045,82.88532786023619,85.56393130859983
H1_ISI_HAM5_BLND_GS13RZ_IN1_DQ,0.008003578789712432,0.06193104511435525,0.985659077028917,60.0,0.17100071731952882,0.1801601431795629,41,41,0.0,3.282860730894195e-05,2.69013590845127,5.881427068234911
H1_HPI_ITMX_BLND_L4C_Z_IN1_DQ,0.005983998612458781,0.04191792333290892,0.7057948421851703,177.0,0.17094628868725698,0.18161001226375284,41,41,0.0,0.0009205348017699202,998.6807947584703,999.376870827267
H1_ISI_HAM7_BLND_GS13X_IN1_DQ,0.005989208806417416,0.042357781693495,0.664888344353454,180.0,0.17035942093201606,0.17128024275067494,41,41,0.0,0.00012291524525209622,3.1589053754346685,5.717740383238692
H1_PEM_CS_ACC_HAM5_SRM_Y_DQ,0.0063388522807275045,0.03757106360169345,0.5390136878776697,177.0,0.1701877975095347,0.14223068882286471,41,41,0.0,2.4950643273667853e-05,26.654882818556768,212.48937485914416
H1_ISI_HAM6_BLND_GS13RY_IN1_DQ,0.006067051899632156,0.04854330590175683,0.8420307598251604,60.0,0.1692834078333008,0.16646635816473698,41,41,0.0,-0.00020272031243316683,4.473023866721818,4.485014253468136
H1_HPI_HAM1_BLND_L4C_Z_IN1_DQ,0.006856676988715439,0.037850651298706496,0.5081269232172815,122.5,0.16832055118585168,0.15908856053438789,41,41,0.0,-0.0002711561307366322,188.3007114854552,199.1577406554507
H1_ISI_HAM6_BLND_GS13Z_IN1_DQ,0.007667928669574556,0.05865616079430352,0.9580626430437292,180.0,0.16751551220438748,0.1611134610564782,41,41,0.0,0.00017793570853743683,12.7445923747234,12.913630124628911
H1_ISI_HAM5_BLND_GS13X_IN1_DQ,0.005317612817709181,0.03776575055419153,0.601273657928303,121.5,0.1668497627311136,0.1788331379282156,41,41,0.0,0.00015364418238413797,2.697851096111033,5.25630341312654
H1_HPI_BS_BLND_L4C_HP_IN1_DQ,0.005780945316461997,0.04099026041703175,0.6275930195856785,177.0,0.16583151233395457,0.18081687663366133,41,41,0.0,4.6851349455665335e-05,180.7808145382877,187.6949653647442
H1_HPI_HAM4_BLND_L4C_VP_IN1_DQ,0.006048332041383809,0.04138511913855059,0.6428982807509594,177.0,0.16369785348315977,0.1712012200342584,41,41,0.0,0.00010914542040037818,266.5373100849486,272.0811794217255
H1_PEM_CS_ACC_ISCT1_REFL_Y_DQ,0.006781139105904444,0.04664664130851543,0.8800490904320788,180.0,0.16318920582522464,0.16305484996363098,41,41,0.0,-0.00011883570945758999,17.955335092186694,632.7975675183947
H1_ISI_HAM5_BLND_GS13Y_IN1_DQ,0.007133504498954851,0.060954752024092486,0.9912238056384316,60.0,0.1622581405818255,0.19536605328012424,41,41,0.0,0.0003658198838468702,2.115171648266961,3.5239023940101326
H1_PEM_CS_ACC_LVEAFLOOR_BS_X_DQ,0.0058240614839616105,0.038651956462753045,0.7038859713948489,177.0,0.16035121320395157,0.15849555547724092,41,41,0.0,-0.0002790124775234207,10.2017461205444,24.11784942026743
H1_HPI_HAM6_BLND_L4C_RX_IN1_DQ,0.006426995662631177,0.041098739167586926,0.6958040788471215,177.0,0.15993266540677295,0.1419217591026257,41,41,0.0,0.00021118534275692638,294.1937229146814,294.2097803868536
H1_HPI_HAM5_BLND_L4C_HP_IN1_DQ,0.006223375456370318,0.03810533375703472,0.6953705541293889,177.0,0.1598474930781308,0.13676380670368446,41,41,0.0,-8.427008295597464e-05,388.0508182621144,391.7729814324769
H1_HPI_HAM2_BLND_L4C_RZ_IN1_DQ,0.007556499255489369,0.04472419856788101,0.821592314225887,180.0,0.15838860085988551,0.12923854721994127,41,41,0.0,0.0003765667363751665,98.02033695103215,98.08500847954672
H1_HPI_ITMY_BLND_L4C_Z_IN1_DQ,0.00606467589220854,0.03880780071334436,0.6488937262905923,177.0,0.1582331425665635,0.15060204148672737,41,41,0.0,0.0010973117952648428,900.2367039905758,902.1084622506461
H1_PEM_CS_ACC_BSC2_BS_Z_DQ,0.005178173253755665,0.036380280898092254,0.6061358902760673,121.5,0.15802111101174732,0.16712413778982296,41,41,0.0,-3.8671349265826075e-06,770.2118186491921,786.1963426678703
H1_HPI_BS_BLND_L4C_RY_IN1_DQ,0.005993906413289714,0.03955066394917788,0.8341844052989863,180.0,0.15794813502217034,0.13248334807274806,41,41,0.0,0.00046768416683126685,191.1943197796476,191.27911784860052
H1_IMC_I_OUT_DQ,0.010407435443305304,0.052274062247955264,0.945602753783821,180.0,0.15775092920919334,0.17044041072540148,41,41,0.0,2.395868978923151e-05,0.006222864038974758,0.013354226471106848
H1_PSL_BES_A_YAW_OUT_DQ,0.00672545718124726,0.03796123350305568,0.5512830821425443,122.0,0.15658288430172218,0.16372003966890453,41,41,0.0,1.469980306446375e-05,0.002302648111200114,0.04965705089755071
H1_PEM_CS_ACC_LVEAFLOOR_HAM1_X_DQ,0.007071833150895352,0.04175119024520856,0.7209466748254131,177.0,0.15303966978441344,0.1729995650872016,41,41,0.0,0.0014459505783929176,6.584262939251574,173.37956111957897
H1_ISI_HAM6_BLND_GS13RX_IN1_DQ,0.006394824696197981,0.050697841638414794,0.92976790379077,60.0,0.15127076581217025,0.15004829693654764,41,41,0.0,-0.0004242206674806568,3.2632495477935812,3.7687745933665604
H1_PEM_CS_ACC_HAM4_SR2_X_DQ,0.006550902000597695,0.04773102078781537,0.947912809133387,180.0,0.14809662964425585,0.13833324925134483,41,41,0.0,0.00022379875934517456,121.65976632934773,121.8569847940348
H1_HPI_ITMY_BLND_L4C_Y_IN1_DQ,0.005624222524322552,0.03589590732466387,0.6997584868112621,177.0,0.14707138033899098,0.13213795366426886,41,41,0.0,0.00038170735792604233,463.0361353320203,463.12173582082926
H1_HPI_ITMY_BLND_L4C_RX_IN1_DQ,0.0056378233589097,0.03498540520403521,0.6948882666671634,177.0,0.1458062556573782,0.1225413390940641,41,41,0.0,-4.467265707432987e-06,338.7902786398986,339.1276078190221
H1_PEM_CS_ACC_OPLEV_ITMX_Y_DQ,0.0056004490301193735,0.04005981175554401,0.7426630183767216,180.0,0.14580129354700022,0.15241437440515845,41,41,0.0,3.145370364826171e-05,323.9855478969603,353.9010589917369
H1_HPI_HAM1_BLND_L4C_VP_IN1_DQ,0.006556256298663173,0.03405541839418079,0.6854021020113439,177.0,0.14457826353271463,0.09138327711834524,41,41,0.0,-0.0002805905470826383,200.2108847757648,214.13333659377403
H1_SUS_PR3_M3_OPLEV_PIT_OUT_DQ,0.003706661736672981,0.03244487580942682,0.6177615879073,121.5,0.1441245646668695,0.1732752124181394,41,41,0.0,-0.00024468091719543326,0.0049785761336419605,0.7415695618026762
H1_SUS_SR3_M3_OPLEV_PIT_OUT_DQ,0.004068150430262933,0.03036427610320087,0.5149873724280748,122.0,0.1437578178422415,0.14057681265787914,41,41,0.0,-3.864275746933316e-05,0.00993578202856412,1.3701923524046105
H1_HPI_HAM6_BLND_L4C_VP_IN1_DQ,0.005386949946563334,0.03850673322516419,0.6767925594472963,177.0,0.14187429256303374,0.14378047917397133,41,41,0.0,8.641153619300702e-05,240.53177358498294,240.58340026788971
H1_ISI_HAM3_BLND_GS13RX_IN1_DQ,0.00524556972826528,0.03833061704112543,0.7236187009261028,60.0,0.13967819304442564,0.13104417972187604,41,41,0.0,-0.0007284223634692102,3.8113909147577933,5.779891497704222
H1_PEM_CS_ACC_LVEAFLOOR_YCRYO_Z_DQ,0.005523813534222744,0.03663166736233273,0.663348069343,177.0,0.13936632415879086,0.14807593896372012,41,41,0.0,0.00017594047224479812,17.86362879650608,195.60448432379857
H1_SUS_ITMX_L3_OPLEV_YAW_OUT_DQ,0.0036218647223076376,0.030986391216435625,0.6231251652462044,121.5,0.1387065551334283,0.1619923821890205,41,41,0.0,-5.7940985919960755e-05,0.04385987372012831,4.415125471791139
H1_ISI_HAM7_BLND_GS13Y_IN1_DQ,0.005103291158014731,0.039809305044192375,0.8359088300796175,60.0,0.13839740424596045,0.12559211178013754,41,41,0.0,-1.9354541987539414e-05,4.573953101484912,6.241610730203455
H1_PEM_CS_ACC_HAM3_PR2_Y_DQ,0.00545075296370739,0.03555913764034875,0.7024804923738563,180.0,0.1360799782377564,0.13891918830732783,41,41,0.0,1.7843069134261346e-05,76.62984157865985,81.25413258809967
H1_PEM_CS_MIC_LVEA_XMANSPOOL_DQ,0.003995669537278447,0.028248237254479575,0.5280597805671656,121.0,0.13575138249368998,0.1336904897473071,41,41,0.0,-0.001171657804945766,52.90049093200507,52.99803346104802
H1_HPI_HAM2_BLND_L4C_Y_IN1_DQ,0.006440616095947093,0.0382937935884741,0.6661367746926082,177.0,0.13513070111695674,0.11499613982998905,41,41,0.0,0.00039992817472124417,624.1226990319317,631.9884170118795
H1_ISI_HAM4_BLND_GS13RX_IN1_DQ,0.004957552847642222,0.036026959776702575,0.6530254410813033,60.0,0.13337315617919765,0.1403041538358083,41,41,0.0,-0.002252541528431709,1.969340523495581,9.025174274758667
H1_HPI_ITMY_BLND_L4C_RZ_IN1_DQ,0.005634326885990725,0.03578147868342622,0.7160831582442605,177.0,0.13315099224752588,0.1147535563863861,41,41,0.0,-0.00011857489464467825,183.49339319598053,184.38732041240263
H1_IMC_DOF_4_P_IN1_DQ,0.0103179210078328,0.03718050681806791,0.5590576706137651,177.0,0.13251144058428427,0.14952665506915205,41,41,0.0,8.660122611993951e-05,0.0006097037082945014,0.008094101028499182
H1_IMC_WFS_B_DC_PIT_OUT_DQ,0.010317915986523016,0.037180477087775526,0.5590575943110362,177.0,0.13251122896658715,0.1495264631521338,41,41,0.0,8.66010634652421e-05,0.015242592710663366,0.20235252571348245
H1_HPI_ITMY_BLND_L4C_HP_IN1_DQ,0.004932245068442406,0.033507771825278594,0.6448332571037639,177.0,0.13060711077167855,0.13367294506532232,41,41,0.0,5.0850323389247946e-05,199.1090607039713,204.5891078522066
H1_HPI_HAM2_BLND_L4C_VP_IN1_DQ,0.005534328061602543,0.03224106552551859,0.5234411412160952,177.0,0.12955230257361736,0.1064621068847195,41,41,0.0,-4.775022729314112e-06,219.1209812363186,219.1235408768175
H1_ISI_HAM2_BLND_GS13RX_IN1_DQ,0.005836606219346057,0.04083172137862402,0.8835730739452784,180.0,0.12924121157042295,0.10011913580620756,41,41,0.0,-0.0004069525105758651,3.758823259406421,4.211213149695962
H1_PEM_CS_ACC_SQZT7_HOMODYNE_X_DQ,0.006763442871062818,0.048277760269177676,0.9566477323697462,180.0,0.1292278367534983,0.12243581251553157,41,41,0.0,0.00015464153004308057,55.54161566465834,355.0246399250336
H1_ISI_HAM2_BLND_GS13RY_IN1_DQ,0.0058592346705222285,0.041068606578950284,0.8071153767527719,60.0,0.129060093198101,0.10678620919901101,41,41,0.0,0.0028711535873171892,5.698728171976836,7.708920197944439
H1_HPI_HAM1_BLND_L4C_HP_IN1_DQ,0.005303065042515022,0.026772570193283073,0.32124368397906694,125.0,0.1287619857198992,0.10989932541148432,41,41,0.0,-9.373139462342994e-05,203.9501232367533,204.27759481504395
H1_PEM_CS_MIC_LVEA_VERTEX_DQ,0.003788672137017464,0.027296071933693163,0.5389465266552885,121.5,0.1280282414622369,0.13121036571533964,41,41,0.0,-0.00045293983788427603,80.05238137875337,81.70100942152989
H1_ISI_GND_STS_ITMY_Y_DQ,0.004514911675663174,0.03220372054980379,0.6059607736919658,121.5,0.1267836415904062,0.15438665610451913,41,41,0.0,6.744532696480975e-05,266.21580005364376,308.02771866478105
H1_ISI_HAM4_BLND_GS13Z_IN1_DQ,0.006849686947627967,0.055713534905383874,0.9580697053467752,180.0,0.1252044222756168,0.1297368804041509,41,41,0.0,0.0005687080708853128,2.7103812267615313,6.52176830692926
H1_SUS_ITMX_L3_OPLEV_PIT_OUT_DQ,0.0032373706446691365,0.024584552247717148,0.43028039093791404,122.5,0.12467181585546845,0.11713287098390184,41,41,0.0,-2.4974016769075256e-05,0.061586554484490505,23.200793944983605
H1_PEM_CS_ACC_BSC2_BS_X_DQ,0.005217626944327713,0.040594533332258695,0.8519940553605493,180.0,0.12163217180179446,0.14689216022015103,41,41,0.0,-0.00012906579530314697,115.94077322691469,200.18595801336602
H1_PEM_CS_MIC_LVEA_YMANSPOOL_DQ,0.0032889213869682116,0.024958857206301272,0.48128049318321336,121.0,0.12135477539910632,0.12794157249455126,41,41,0.0,9.661114389676217e-05,55.0394059378922,58.82848321765707
H1_PEM_CS_MIC_LVEA_HAM7_DQ,0.0034075265185286915,0.021619218536500416,0.29961903942032087,121.0,0.12013160846621808,0.09026292480999908,41,41,0.0,-0.0004150187468061477,64.64949094210415,65.3146488257719
H1_ISI_HAM3_BLND_GS13Z_IN1_DQ,0.006976119677066841,0.05287627370952408,0.9581172765339502,180.0,0.11933752124796891,0.10662256893742746,41,41,0.0,2.142471681905604e-05,4.11291549760926,6.63654192376449
H1_HPI_BS_BLND_L4C_X_IN1_DQ,0.004550210577718046,0.029565882265920856,0.6078758527854834,177.0,0.11775150016305995,0.10981908546788996,41,41,0.0,0.0001727734477941147,533.5221522656207,538.8777556744403
H1_SUS_BS_M3_OPLEV_YAW_OUT_DQ,0.0030860383018924908,0.026919192176410516,0.4670676590501183,122.0,0.11750803060060616,0.13924088996139988,41,41,0.0,3.7309074912956655e-05,0.07883917546768976,15.725520671255719
H1_PEM_CS_ACC_HAM2_PRM_X_DQ,0.006163929281438302,0.036585840614260894,0.7789190616653787,180.0,0.11735511746997075,0.108376976780555,41,41,0.0,-3.17741133556773e-05,51.14791772316426,179.1187697517525
H1_ISI_HAM2_BLND_GS13Z_IN1_DQ,0.007727031714821506,0.05479893712529746,0.9579367886574524,180.0,0.11648013707564069,0.08792631043294898,41,41,0.0,0.0002897872422748881,6.161593458888844,8.409536088875297
H1_ASC_REFL_B_RF45_I_PIT_OUT_DQ,0.005295575639145183,0.0414561999144053,0.9052611364201807,60.0,0.11644295782936953,0.1323002917212889,41,41,0.0,0.0003103766646423895,366.7038866133403,1114.6385712502633
H1_SQZ_CLF_SERVO_CTRL_OUT_DQ,0.0037288865837399664,0.02769419796369978,0.5180154194471206,177.0,0.11596867195403364,0.12437098721152051,41,41,0.0,-0.0009552050651769451,10.237196937250127,281.6521966398433
H1_SQZ_CLF_SERVO_ERR_OUT_DQ,0.003727476358063966,0.02768934037232952,0.5179172600558611,177.0,0.11594750655199892,0.12433357770494251,41,41,0.0,-2.5058560005285863e-06,0.0008056700581013967,0.03423238994493435
H1_PEM_CS_ACC_BEAMTUBE_MCTUBE_Y_DQ,0.0047391346200522325,0.032573748350181043,0.6068057512395839,180.0,0.1159134086779458,0.12073084860012716,41,41,0.0,-0.00017677784265377229,112.9917699284716,117.07489031674767
H1_SQZ_CLF_REFL_RF6_I_NORM_DQ,0.0036573647915381312,0.027420637483513623,0.517462586216387,177.0,0.11458687440300337,0.122839938151709,41,41,0.0,-0.00018609814865249737,0.00010805362908863571,0.0016405278243002538
H1_LSC_POP_A_RF45_I_ERR_DQ,0.009885336404792526,0.05717294755645684,0.9814091451476036,60.0,0.10923414711400463,0.12229083271519268,41,41,0.0,0.010907967230225954,31.4374235049207,2843.44738617578
H1_PEM_CS_MIC_LVEA_INPUTOPTICS_DQ,0.003228378107806907,0.025630682371701498,0.5253271050801714,121.0,0.10772963293168682,0.12602013250766986,41,41,0.0,-0.004173102649499159,64.30991731237229,64.6201437346249
H1_PEM_CS_ACC_BSC3_ITMX_Y_DQ,0.004472286998968092,0.029510729286287937,0.571898332562335,177.0,0.10705823090558941,0.12206991261103876,41,41,0.0,3.166690980526586e-06,565.6603154167905,581.1159958905056
H1_PEM_CS_SEIS_LVEA_VERTEX_X_DQ,0.003155724587707419,0.02508842904256566,0.40727680242669845,123.0,0.10667255733317046,0.12667968575352534,41,41,0.0,0.00102402534298071,25.431107839679868,183.90674531255314
H1_PEM_CS_MIC_LVEA_BS_DQ,0.0036348593606628263,0.02597142280290159,0.5245401876147433,177.0,0.10567158668918411,0.11014946226514061,41,41,0.0,-0.0016401534162365074,84.40653598221873,84.44529119292508
H1_ISI_HAM4_BLND_GS13RY_IN1_DQ,0.005262981758779303,0.045281846406414826,0.9191446268806336,180.0,0.10159174379772291,0.12222506795623227,41,41,0.0,-0.0004378567374270676,2.1995174002499582,4.019501494364991
H1_PEM_CS_ACC_OPLEV_ITMY_X_DQ,0.004166879735856665,0.03739716734272446,0.8837116847266752,180.0,0.10059862894913545,0.13346877291686163,41,41,0.0,-1.0291694126684332e-05,252.92008249360828,310.37799956414517
H1_SUS_BS_M3_OPLEV_PIT_OUT_DQ,0.002893881157046748,0.022014100192151425,0.4682403444034321,122.5,0.10049716986249585,0.10448993654130945,41,41,0.0,9.05092234839382e-05,0.04335724949257469,10.642572664599435
H1_PEM_CS_ACC_BEAMTUBE_XMAN_Y_DQ,0.004093589379623462,0.029583686315500575,0.4798983691292792,180.0,0.10034755258118806,0.10731824526940281,41,41,0.0,0.0009951183513707041,253.1978857156305,303.09402418308935
H1_PEM_CS_MIC_PSL_CENTER_DQ,0.004595030694943513,0.030496652391519784,0.6834836158484254,180.0,0.1000263708420889,0.11604197041450963,41,41,0.0,0.0004934020748814547,21.222049431402446,22.814548965814772
H1_PEM_CS_SEIS_LVEA_VERTEX_Y_DQ,0.002974307863554187,0.025196237844145403,0.5599214229342099,121.0,0.09573639529291098,0.13602672212556557,41,41,0.0,-9.898924353415779e-05,27.25586980385896,1078.036055125418
H1_PEM_CS_ACC_BEAMTUBE_YMAN_X_DQ,0.003466780519634082,0.025048735709863042,0.582048105718489,121.5,0.09443770377659876,0.1198153060461143,41,41,0.0,-0.0007376724642545822,274.94446282272446,345.67573082932586
H1_PEM_CS_ACC_BEAMTUBE_SRTUBE_X_DQ,0.004676389262527661,0.030894207905222446,0.7669873962893421,180.0,0.09438587414389792,0.07378148490619088,41,41,0.0,-0.0008519982900640304,202.78515026789304,202.85341098430717
H1_ISI_HAM6_BLND_GS13X_IN1_DQ,0.0048202276699675275,0.0436318858308028,0.929778334171705,60.0,0.09324453279310181,0.10162294045145341,41,41,0.0,0.000688145374128416,3.94938804564343,5.200159246402751
H1_SUS_SR3_M3_OPLEV_YAW_OUT_DQ,0.0026861783488296496,0.02134372108405139,0.4011568111597245,121.5,0.09145687384624418,0.1116019737768049,41,41,0.0,-4.791551470991991e-05,0.007133529254335686,0.16579158306674757
H1_LSC_REFL_A_LF_OUT_DQ,0.015559848371015384,0.05852692822089945,0.9918142432062361,60.0,0.08851115337252681,0.1120633295728336,41,41,0.0,0.0008284473810305735,0.018399617198626157,6.650298414043894
H1_HPI_ITMY_BLND_L4C_RY_IN1_DQ,0.004838627868332667,0.030470819705245865,0.6939528710658792,177.0,0.08767319419456454,0.07112331386434102,41,41,0.0,-2.7785695298178213e-05,168.0034654249179,168.58718940911112
H1_SUS_PR3_M3_OPLEV_YAW_OUT_DQ,0.002431885945676153,0.01770975974144698,0.3464902103838887,121.5,0.08438298016225204,0.0847324595045826,41,41,0.0,-0.00012783452510617345,0.0031425128407018225,1.2509349320437817
H1_ISI_HAM3_BLND_GS13X_IN1_DQ,0.00477281266255073,0.04720590495486728,0.9757146240882326,60.0,0.08279150819791906,0.06923512471143489,41,41,0.0,-5.0425751182530627e-05,2.7115977667521727,2.7301826859027436
H1_HPI_ITMY_BLND_L4C_X_IN1_DQ,0.004332799608586731,0.027240539995537945,0.6814932941079693,177.0,0.08251206394467271,0.07276526723627189,41,41,0.0,-0.000676100668176187,422.40320809306525,423.31446631179625
H1_PEM_CS_ACC_BSC2_BS_Y_DQ,0.004157004878978121,0.029721221902237523,0.7912214091233265,180.0,0.0806501285070101,0.07817426284043044,41,41,0.0,6.132996871260679e-05,104.1300383273146,118.64275976177699
H1_SUS_ITMY_L3_OPLEV_PIT_OUT_DQ,0.002569294618459163,0.019238007812853817,0.33794177752217597,122.0,0.08042437448004103,0.09101106731539886,41,41,0.0,3.5230292849656586e-05,0.05758492256372402,17.725073577611905
H1_SUS_ITMY_L3_OPLEV_YAW_OUT_DQ,0.002124519785117593,0.018109514835377608,0.41096958988953947,121.0,0.07843513072950119,0.1008339137802427,41,41,0.0,0.0006026491741392138,0.04356762847739321,18.40454744240232
H1_ASC_REFL_B_RF9_I_YAW_OUT_DQ,0.0026445514926375603,0.019416829598829573,0.36438442539745525,121.5,0.07675869417453175,0.099754796815236,41,41,0.0,-9.766171111477995e-05,2122.707300474677,2589.637745451115
H1_ISI_HAM2_BLND_GS13Y_IN1_DQ,0.004655883540701604,0.03735470559465981,0.9213677804913273,180.0,0.07572930844750873,0.07155103359725211,41,41,0.0,-3.0535506309365695e-05,6.049589064894501,6.870055365994812
H1_ISI_HAM2_BLND_GS13X_IN1_DQ,0.004851137398401693,0.040994938666170266,0.8831824568588235,180.0,0.07063533987850316,0.06642192798770882,41,41,0.0,-6.0525174279079585e-05,5.313524408609542,6.008305147313075
H1_PSL_ISS_PDA_REL_OUT_DQ,0.008987590400398348,0.05229066355331882,0.9543160090214096,60.0,0.07054636470981199,0.05669470399139588,41,41,0.0,-0.0007249778008947741,5.083849100359954e-06,5.083849166932352e-06
H1_ASC_REFL_A_RF45_I_YAW_OUT_DQ,0.006158652143511888,0.04794394969606445,0.9743651406446125,60.0,0.0688802721932569,0.0904161700675316,41,41,0.0,-0.0019332059354853302,467.7097085485116,481.1390635968988
H1_PEM_CS_SEIS_LVEA_VERTEX_Z_DQ,0.002290827567711807,0.01781470021938947,0.374053332375243,121.5,0.06575523540809806,0.08694579358530649,41,41,0.0,0.0012441708255982494,81.13505675650859,780.9520283655962
H1_PEM_CS_ACC_BSC3_ITMX_X_DQ,0.003415971199297563,0.023616556596425135,0.64053325281107,177.0,0.06470685536577485,0.07726396364485669,41,41,0.0,-2.8857054137296122e-05,116.32247982239271,167.757344396232
H1_SQZ_LO_SERVO_CTRL_OUT_DQ,0.003050268342142331,0.01990773754699715,0.3617479427829422,121.5,0.0628092926718231,0.08700393726368483,41,41,0.0,-0.00022479363737620933,0.001690942207079918,0.06369108633711322
H1_SQZ_LO_SERVO_SLOW_OUT_DQ,0.003052328542508375,0.01989970053735552,0.36172853095537477,121.5,0.06279920015832369,0.08698992881236281,41,41,0.0,-0.0003218577335651489,0.004543541995732055,0.5363187517132902
H1_SQZ_LO_SERVO_ERR_OUT_DQ,0.003052791099269212,0.01985962446776372,0.3613599836439911,121.5,0.06273118256533633,0.08693985027280776,41,41,0.0,-1.1473480064554652e-05,0.00015034517385901128,0.00021249875707512236
H1_ISI_HAM4_BLND_GS13X_IN1_DQ,0.003032001589698204,0.02941979969785568,0.7418694930950376,180.0,0.059788903482182826,0.11891902171649803,41,41,0.0,-1.4661952492649256e-05,1.5824809633969235,2.8378161733592853
H1_ASC_REFL_A_RF45_I_PIT_OUT_DQ,0.004163339468646165,0.03561817598870012,0.7363152128006354,60.0,0.058225431430415774,0.07481045851960991,41,41,0.0,0.00017917009564495138,1021.8455083218344,2099.2904526671705
H1_PSL_BES_A_WID_OUT_DQ,0.0048590286087738825,0.029242620008916854,0.5668501893113045,180.0,0.05757266396635798,0.06358821214667452,41,41,0.0,-5.025052106851189e-05,0.00025105929782218264,0.2863895843969771
H1_LSC_POP_A_RF9_Q_ERR_DQ,0.0029748464489790325,0.021649257754520326,0.5239033416899752,60.0,0.05585014374458357,0.0747721416282435,41,41,0.0,-8.369476706941102e-05,4473.189524167987,90617.1382197055
H1_PEM_CS_ACC_BSC1_ITMY_Z_DQ,0.003069729018530722,0.02265594101486581,0.548055838301986,177.0,0.05562188468770858,0.0674589075585974,41,41,0.0,-3.935906780421156e-06,443.1435744804823,445.5721289977466
H1_IMC_DOF_3_P_IN1_DQ,0.002036318879076694,0.014816052545651425,0.24851617056093775,121.5,0.0549513824174998,0.06866179886907608,41,41,0.0,4.5113172556452396e-05,0.005526787854147723,0.005531655340704716
H1_IMC_MC2_TRANS_PIT_OUT_DQ,0.002036318879076694,0.014816052545651425,0.24851617056093775,121.5,0.0549513824174998,0.06866179886907608,41,41,0.0,4.5113172556452396e-05,0.0013816969635369308,0.001382913835176179
H1_ISI_HAM2_BLND_GS13RZ_IN1_DQ,0.005643531661051753,0.05255130906371244,0.9905753506949179,60.0,0.050290192982136266,0.05247374615993764,41,41,0.0,-0.00010358009659456596,2.71716655255479,7.9964729843955835
H1_ISI_HAM4_BLND_GS13RZ_IN1_DQ,0.005209313460253152,0.052196150199121834,0.981702194763745,60.0,0.047332138719228686,0.06397595137802178,41,41,0.0,0.00010363941739649978,1.7004238859912821,3.5986421438542133
H1_ISI_HAM4_BLND_GS13Y_IN1_DQ,0.003216339882821749,0.037081592362166876,0.9334690491179871,60.0,0.04287034382458812,0.08295083173724355,41,41,0.0,6.794118663935464e-05,2.1567773593641135,5.816590272885801
H1_IMC_DOF_3_Y_IN1_DQ,0.0015090329887170002,0.010956883804592659,0.221376103114323,121.5,0.04235448308040352,0.05787377165336309,41,41,0.0,2.669848942362474e-05,0.0027953780535106766,0.0027967503111691783
H1_IMC_MC2_TRANS_YAW_OUT_DQ,0.0015090329887170002,0.010956883804592659,0.221376103114323,121.5,0.04235448308040352,0.05787377165336309,41,41,0.0,2.669848942362474e-05,0.0006988445133776692,0.0006991875777922946
H1_ISI_HAM3_BLND_GS13Y_IN1_DQ,0.0029271948785307136,0.026857373621923246,0.8033513763395609,180.0,0.0412088595008123,0.038460469338130354,41,41,0.0,-8.809101899403636e-05,3.113864077722657,5.902601280482609
H1_PSL_ISS_PDB_REL_OUT_DQ,0.005677555552462589,0.0506824342062309,0.9671553081170375,60.0,0.038853596740408926,0.03345999140992142,41,41,0.0,-0.0007765884502891504,4.4241167079654035e-06,4.424116761177753e-06
H1_ISI_HAM6_BLND_GS13RZ_IN1_DQ,0.004874669412843471,0.05129933811053207,0.9827839426867888,60.0,0.03846529146364299,0.04670460544423998,41,41,0.0,2.6511534716810026e-05,1.827136358267094,12.819456767501476
H1_ISI_HAM6_BLND_GS13Y_IN1_DQ,0.003761568403723189,0.042877276800453994,0.9690487258844334,60.0,0.035956263842356895,0.03841782306945731,41,41,0.0,-5.39781275040919e-05,3.779531266515317,4.8868541043044464
H1_ASC_REFL_A_RF9_I_YAW_OUT_DQ,0.003122523617708658,0.03279939358811521,0.889709232998254,60.0,0.035918645855388336,0.047210451610867024,41,41,0.0,-0.00019027815358948114,1732.3569385204937,3434.066265194227
H1_IMC_REFL_DC_OUT_DQ,0.005421203230378231,0.016679788716141248,0.39921244985207777,60.0,0.03383015450561456,0.022722769042250637,41,41,0.0,8.676173343103568e-05,0.07897988299472587,13.944480418666737
H1_ISI_HAM3_BLND_GS13RZ_IN1_DQ,0.004851106211804681,0.05169673009895104,0.9885221990212204,60.0,0.0328750679333465,0.03686219224601194,41,41,0.0,0.00022562501939262875,1.8780692375481485,2.546857012151133
H1_IMC_WFS_B_DC_SUM_OUT_DQ,0.0018352628706816835,0.013417224011760065,0.37367834196524835,60.0,0.024694036793497732,0.020626777331444374,41,41,0.0,0.0001270958137578501,0.002797212005877086,0.5429851978184366
H1_IMC_WFS_A_DC_SUM_OUT_DQ,0.0022357066742962777,0.013423194216275804,0.3808578086635626,60.0,0.02430824864564264,0.019958443760104725,41,41,0.0,4.916939116289407e-05,0.0041924763157302775,0.7123490714072919
H1_PEM_CS_ACC_BSC1_ITMY_Y_DQ,0.0022897755781089222,0.01675235294352795,0.369680501286134,60.5,0.023033904199587604,0.02726430679768177,41,41,0.0,4.457286141002824e-05,174.8998707412918,178.34617021320327
H1_LSC_REFL_A_RF45_Q_ERR_DQ,0.006516527927611955,0.054870723994578346,0.9871140166104729,60.0,0.022992856739077024,0.03709087419182583,41,41,0.0,-0.0037536481692176517,0.0037986064634434125,0.09694090650657868
H1_PEM_CS_ACC_BSC1_ITMY_X_DQ,0.0019535061037372586,0.012640398419832841,0.2786933462348503,20.0,0.022635697434869182,0.028952086685588463,41,41,0.0,-4.5305709878345335e-06,664.0635609195566,664.6012430526395
H1_ASC_AS_B_RF36_Q_YAW_OUT_DQ,0.005775509140921869,0.05497199636758234,0.9905790745920091,60.0,0.021291886134794196,0.03027850413814212,41,41,0.0,3.521761642699587e-05,3186.088072494815,16483.262210630735
H1_PEM_CS_ACC_SQZT0_SQZLASER_X_DQ,0.0016496995717223877,0.015338605503602453,0.5111864259396808,180.0,0.01856433065479889,0.030813743199167472,41,41,0.0,0.00033470978917234307,84.2331276364731,84.27152592955157
H1_IMC_IM4_TRANS_PIT_OUT_DQ,0.0017947222917072232,0.020702281812376686,0.565594286430574,60.0,0.016528893856487016,0.02223476341394909,41,41,0.0,5.023462320997299e-05,0.0018400034727382936,0.42728607036580457
H1_ASC_CHARD_P_OUT_DQ,0.0028410007724310295,0.029450175440661343,0.6673298069476552,60.0,0.015212308985982808,0.019461003528866466,41,41,0.0,-0.0009382110380896268,458.1637387623778,458.1638995898954
H1_ISI_BS_ST1_BLND_Z_T240_CUR_IN1_DQ,0.003692365728766358,0.04754304424694043,0.9910708738447244,60.0,0.014663581474502415,0.02462199698554002,41,41,0.0,6.674167644469979e-05,81.70178205047416,428.0301579332605
H1_LSC_POP_A_LF_OUT_DQ,0.0020726930996475055,0.01927675836773479,0.46970552955409317,60.0,0.014249102174029865,0.01653122697226748,41,41,0.0,-5.6876242243213365e-05,13.955517504789212,30494.288882285866
H1_ASC_REFL_A_RF9_Q_YAW_OUT_DQ,0.001589306629069616,0.014283146571089707,0.48239914236553316,180.0,0.013143007941444613,0.018662222897185242,41,41,0.0,-0.00023340469571399964,385.93537020368217,892.5725191658612
H1_ASC_REFL_A_RF45_Q_PIT_OUT_DQ,0.0034220572500920196,0.03869189718376008,0.9232644800541011,60.0,0.012976885237960815,0.018495383679675906,41,41,0.0,0.00011468962099303232,845.1731971264802,3133.5352212102894
H1_PSL_ISS_SECONDLOOP_QPD_PIT_OUT_DQ,0.0025834368785700368,0.03687127448859869,0.9305991995900096,180.0,0.01283400830402785,0.018547117426919096,41,41,0.0,-0.00031543913970250373,0.0010269527449486885,0.674856546098113
H1_ISI_BS_ST1_BLND_RX_T240_CUR_IN1_DQ,0.002888904740207522,0.03969108606569787,0.9875376613628873,60.0,0.012600504557909283,0.022407241331887894,41,41,0.0,2.3478346837550218e-05,42.03098689569725,139.9946170169137
H1_ASC_AS_B_RF36_I_YAW_OUT_DQ,0.003999097195085479,0.04354331574719208,0.9723117446542124,60.0,0.012268049047397152,0.01633523513301455,41,41,0.0,3.3132633579752086e-05,2646.332590728976,124308.47035636925
H1_ISI_ITMX_ST1_BLND_RZ_T240_CUR_IN1_DQ,0.002821217220603238,0.03825530450478729,0.9296083088019037,60.0,0.011540040137953761,0.029065935823749077,41,41,0.0,-4.0775515149010406e-05,10.76756094863145,330.84540027019466
H1_SQZ_OPO_REFL_REJECTED_LF_OUT_DQ,0.004156797729598729,0.0485518181290116,0.9575190683739057,180.0,0.011489126839125357,0.01272111504306503,41,41,0.0,0.0024818707814586094,0.0007460409184350772,1.353278576035558
H1_ISI_ITMX_ST1_BLND_RX_T240_CUR_IN1_DQ,0.002422854042771818,0.036778817986319615,0.9708491623473563,60.0,0.011342957049566336,0.02787306592929786,41,41,0.0,-9.979796991038751e-05,20.714805656108144,57.944591612242775
H1_ISI_ITMX_ST1_BLND_RY_T240_CUR_IN1_DQ,0.0015895006435146365,0.019560107130710283,0.6272228593359551,60.0,0.011288795158445386,0.028201568178043552,41,41,0.0,-0.00013762108741632032,24.70413598186623,73.80029636297833
H1_PSL_ISS_AOM_DRIVER_MON_OUT_DQ,0.003924834437765083,0.049584899182297096,0.9800866160746362,60.0,0.010892231436355527,0.013478168192540886,41,41,0.0,0.00015898063582377143,0.0013037732168561587,0.35512489869411923
H1_ISI_ITMX_ST1_BLND_X_T240_CUR_IN1_DQ,0.001922028965964511,0.028015891884676975,0.8487116147952296,60.0,0.009877994007494702,0.024899809279743976,41,41,0.0,-1.3368452348862831e-05,401.6225834019111,402.3229456734917
H1_LSC_MICH_IN1_DQ,0.007133070988086488,0.040259379960523985,0.9283427655798105,180.0,0.009795029261110897,0.014104408889699853,41,41,0.0,-0.0022279466370133017,0.9421129639235659,0.9421129640406759
H1_LSC_POP_A_RF45_Q_ERR_DQ,0.007133433096327979,0.04026019978902427,0.928342241935143,180.0,0.009794764115585058,0.014102108914209184,41,41,0.0,-0.0022117955480164637,15.575399482112685,15.57539948410601
H1_LSC_MICH_OUT_DQ,0.006165185163225621,0.034945838748277065,0.9283789873891072,180.0,0.00978943993579613,0.014099182457932676,41,41,0.0,-1.0590571641693393e-05,1061.8189782467678,1061.8301417653418
H1_PEM_CS_MAG_LVEA_OUTPUTOPTICS_Z_DQ,0.004191416926484023,0.05134203204594887,0.9920798290907622,60.0,0.009477349294614487,0.025219386870521932,41,41,0.0,6.883046931653441e-05,1720.1170894052498,1965.8278458202717
H1_ISI_ITMY_ST1_BLND_RX_T240_CUR_IN1_DQ,0.0022185699288330275,0.032979255486531155,0.8906539489947577,60.0,0.009464751387269094,0.022843947209422136,41,41,0.0,9.647537858831783e-05,22.145721877655305,22.934408819343542
H1_PEM_CS_MAG_LVEA_OUTPUTOPTICS_X_DQ,0.004633403385881214,0.0521261899391481,0.9931154480667975,60.0,0.009023120399387723,0.02564927889417616,41,41,0.0,-7.156504701709964e-05,989.126169206287,4633.276036452075
H1_LSC_REFL_A_RF9_Q_ERR_DQ,0.0045202112940462055,0.04192741968073512,0.9773357917777301,60.0,0.008699957405774929,0.013199131551994338,41,41,0.0,-6.782229060894815e-06,0.07727468018794226,1.581102221053793
H1_TCS_ITMY_CO2_ISS_OUT_AC_OUT_DQ,0.003714808390174331,0.04915297134823876,0.9903832450010318,60.0,0.008594192904472654,0.02624507867314706,41,41,0.0,-0.0002810504482220454,7.652750312605148e-06,0.00027068368618455023
H1_ISI_BS_ST1_BLND_RY_T240_CUR_IN1_DQ,0.002399565086111582,0.03782159538104621,0.985242084420388,60.0,0.008531631821656576,0.020155967489916108,41,41,0.0,-5.885246318122205e-05,33.707130888347464,274.3594749211841
H1_ASC_REFL_A_RF45_Q_YAW_OUT_DQ,0.001148487075805868,0.010543809021800191,0.3966208788542471,60.0,0.008318379482302466,0.011645534410542448,41,41,0.0,-0.0014234522829870793,145.07649487640032,1840.309294206581
H1_TCS_ITMY_CO2_ISS_IN_AC_OUT_DQ,0.0037201444584022874,0.048658627012856816,0.9908411721912801,60.0,0.008283806973958798,0.026108322984478856,41,41,0.0,2.8862232391082102e-05,3.2355651758733034e-05,0.0002516547460417496
H1_ISI_ITMY_ST1_BLND_Z_T240_CUR_IN1_DQ,0.0025237997860517534,0.03655480910209987,0.9553197055795839,60.0,0.007892817570096826,0.01967934124319189,41,41,0.0,-1.881628407372245e-05,61.267899644620094,302.0160199896434
H1_SQZ_FC_TRANS_A_PIT_OUT_DQ,0.0040547808974286115,0.05136723715416157,0.9927974229555537,60.0,0.00775087457255698,0.02589145343084402,41,41,0.0,-0.00027064070175908476,0.002094091345449133,0.07030525018122319
H1_PEM_CS_MAG_EBAY_LSCRACK_Y_DQ,0.004668916878095336,0.05256986383387844,0.9938359086033686,60.0,0.00773505544259388,0.02615668727278794,41,41,0.0,-0.00010456466153609063,2719.1229252878807,2726.755587504363
H1_ISI_ITMX_ST1_BLND_Y_T240_CUR_IN1_DQ,0.002512542370260791,0.03494416863233252,0.9258911890108398,60.0,0.007635104228772056,0.019337542499083774,41,41,0.0,-1.564434385402751e-05,542.1661717437884,587.7390259250346
H1_ISI_ITMY_ST1_BLND_RY_T240_CUR_IN1_DQ,0.002346274145966743,0.03796612621652276,0.9832636057248786,60.0,0.007582454272793417,0.01922760164455326,41,41,0.0,-0.00014658223980225677,21.905091411481763,369.268332523961
H1_SQZ_OMC_TRANS_RF3_I_NORM_DQ,0.0007439588202547015,0.0034371403276952685,0.06805786235668673,120.0,0.007434669142665001,0.013474316192755234,41,41,0.0,-0.0017942764587869247,0.0014990325037523523,0.03814081539457944
H1_ASC_AS_B_RF36_Q_PIT_OUT_DQ,0.004850945127975869,0.053207771058627076,0.981765491107867,60.0,0.0073943114514173685,0.016375959825141336,41,41,0.0,-9.655980386535205e-05,3509.4531069256286,13109.954466361189
H1_SQZ_FC_TRANS_C_LF_OUT_DQ,0.0008248688201064201,0.004494492457143791,0.1266802048686555,120.0,0.007328261450374173,0.020427442556752468,41,41,0.0,-0.0034046952209653546,0.21949926471530753,130.51354222561562
H1_PEM_CS_MAG_EBAY_LSCRACK_X_DQ,0.004667927260617487,0.05252313187343826,0.9922968919379653,60.0,0.007286638405354342,0.025568154536640124,41,41,0.0,-8.157831304718084e-05,1536.0412132156785,2165.454252408239
H1_LSC_REFL_A_RF9_I_ERR_DQ,0.0034878172581814366,0.0481493136833933,0.9657014193306066,60.0,0.007149631287026514,0.009549281306158102,41,41,0.0,-4.1653208656485376e-05,0.001909201267383917,0.06932893103085705
H1_ISI_ITMX_ST2_BLND_RY_GS13_CUR_IN1_DQ,0.0028728892937621153,0.036777801407629616,0.9576157090537217,180.0,0.007093048126672456,0.019413549753636624,41,41,0.0,-0.0010718803723716132,1.0630457243757687,1.1204753658636353
H1_PEM_CS_MAG_LVEA_OUTPUTOPTICS_Y_DQ,0.004057206102186193,0.05122436002844145,0.9923008436761473,60.0,0.007051613116744324,0.026051484159113632,41,41,0.0,-3.773968180020302e-05,1588.251399528784,3717.1541336114137
H1_ISI_ITMX_ST2_BLND_Z_GS13_CUR_IN1_DQ,0.004290617125612189,0.051411392098336554,0.9861021667017968,60.0,0.006837249588135797,0.023716839887750293,41,41,0.0,2.049273422393598e-06,6.346666634566951,6.711300205668929
H1_ISI_ITMX_ST2_BLND_RX_GS13_CUR_IN1_DQ,0.0033206367755340017,0.04352894880628229,0.9551086987181331,180.0,0.006825495863352108,0.017808875376005805,41,41,0.0,-0.00017465872346898977,0.6415304172805911,0.783556394273154
H1_ISI_BS_ST1_BLND_Y_T240_CUR_IN1_DQ,0.002197536047137806,0.03287487008495379,0.9120681330465491,60.0,0.006811127874824907,0.014119889519743821,41,41,0.0,3.087796658292109e-05,810.4358033132786,816.0960199214745
H1_ISI_ITMY_ST1_BLND_Y_T240_CUR_IN1_DQ,0.0021571579929121672,0.0324608316821454,0.8810012931380646,60.0,0.006792814702654105,0.018165560421003698,41,41,0.0,-1.0755737780514227e-05,910.7790909062854,1005.448087876668
H1_PEM_CS_MAG_EBAY_LSCRACK_Z_DQ,0.004563681502271624,0.05238288500033553,0.9891762384900198,60.0,0.006765027384216525,0.026082542483042894,41,41,0.0,1.680078770091433e-06,554.8639085807764,2287.8890025667483
H1_ASC_REFL_B_RF45_Q_YAW_OUT_DQ,0.0017403277981652215,0.02466004275120647,0.8151407595851253,60.0,0.006622710770272329,0.010321004069042817,41,41,0.0,-0.0002304539073169541,172.3896663536714,474.3790838305583
H1_PEM_VAULT_MAG_1030X195Y_COIL_Z_DQ,0.0011738749225144235,0.011564309411401753,0.40456491081443696,180.0,0.006583243404987569,0.0260646395430806,41,41,0.0,-8.479625322429545e-06,0.3645921473278783,0.542353734549755
H1_PEM_CS_MAG_LVEA_INPUTOPTICS_Y_DQ,0.004249108979813513,0.05217487731099361,0.9855973777188471,60.0,0.006576157391953403,0.025822194247494407,41,41,0.0,-7.292857020004335e-05,615.0693467133186,615.4126678185161
H1_SQZ_FIBR_PZT_OUT_DQ,0.0027448368155592365,0.0358403846375221,0.943299443307365,180.0,0.006572284901798951,0.0269123121101861,41,41,0.0,-0.0010972602750926631,0.17425290406049132,9.760105449018683
H1_PEM_CS_MAG_LVEA_VERTEX_Y_DQ,0.004224813889064439,0.05171175109504318,0.9901537955428228,60.0,0.006553874637191501,0.02640399772466915,41,41,0.0,7.299160222535031e-05,869.5454785688245,2026.8298088276356
H1_PEM_EY_VMON_ETMY_ESDPOWERMINUS18_DQ,0.003929644248810511,0.05072799807022457,0.9840290130085063,60.0,0.006544039435187607,0.02617346703330843,41,41,0.0,-0.0015346538790737719,6.181897823649171,1818.2360086631716
H1_SQZ_FC_TRANS_A_YAW_OUT_DQ,0.004104721702200113,0.051535020087531844,0.9928246950368587,60.0,0.006542082046975643,0.0260544388589861,41,41,0.0,-1.8593541622381737e-05,0.00219538070590524,0.004399284912108659
H1_PEM_EY_VMON_ETMY_ESDPOWER18_DQ,0.003769235568954528,0.05010576628848292,0.9760078480676014,60.0,0.0065369933542724894,0.026104781249027025,41,41,0.0,-0.001234761138956115,7.904566441353751,2205.1261746183177
H1_PEM_EX_MAG_EBAY_SEIRACK_Z_DQ,0.004158693114901999,0.051423353442780866,0.9928450478977782,60.0,0.006534256693335683,0.026106536822701316,41,41,0.0,-0.00016794184487865256,2672.3268124623132,2852.341552609913
H1_SQZ_FC_TRANS_A_NSUM_OUT_DQ,0.004046326615359988,0.05118442083116107,0.9922999844343607,60.0,0.006525541038138601,0.017390761626756436,41,41,0.0,-0.0021448819991306996,0.002595919335319267,0.979854537592593
H1_PEM_FCES_MAG_VEA_FLOOR_Z_DQ,0.003967315140844117,0.0512832012429709,0.9900886977721162,60.0,0.006511063951956169,0.026025668077770545,41,41,0.0,-7.988686244352665e-06,886.5866666226859,8630.862183370948
H1_PEM_EY_MAG_VEA_FLOOR_Z_DQ,0.004145407467019466,0.05241564370240645,0.9926285210280257,60.0,0.006489924031461865,0.026145077053422963,41,41,0.0,9.370391021251386e-05,769.8039681897246,4898.93643710998
H1_PEM_EY_VMON_ETMY_ESDPOWER48_DQ,0.0037971216142424135,0.04996529297502485,0.9704891904615569,60.0,0.006471955482569489,0.026088631667775652,41,41,0.0,-0.0009861976518869846,6.0237830982927925,1840.0614735005313
H1_ISI_ETMY_ST2_BLND_Z_GS13_CUR_IN1_DQ,0.004103290842654141,0.05166883273489191,0.9888712426137174,60.0,0.006438282355307393,0.026142278073140075,41,41,0.0,0.000355237103326006,0.9809346474460846,2.9507935747920864
H1_SQZ_LASER_IR_LF_OUT_DQ,0.0036435199036254752,0.046724154892152064,0.955257245884466,180.0,0.006433353404533761,0.02626655602772521,41,41,0.0,0.00014333597490275574,0.3780745588444668,681.8150654515149
H1_PEM_EX_MAG_EBAY_SEIRACK_Y_DQ,0.004105788981683861,0.05135459558250095,0.9902238943437632,60.0,0.0064313413803212,0.02607406615460049,41,41,0.0,5.783473196211381e-05,4473.3243416662945,5416.981546439952
H1_PEM_EX_MAG_EBAY_SEIRACK_X_DQ,0.004084562911106154,0.05134449091331446,0.9910931660941382,60.0,0.006431058631910419,0.02615290644989001,41,41,0.0,-5.460969991738428e-06,2267.8771716254305,2302.1378523635444
H1_TCS_ITMX_CO2_ISS_IN_AC_OUT_DQ,0.003334742860077033,0.046927064797089746,0.9819493603587636,60.0,0.006428582958939257,0.02608988955619747,41,41,0.0,-4.083184574457422e-05,4.369481807914463e-06,7.241211350376465e-05
H1_PEM_EY_MAG_EBAY_SEIRACK_Y_DQ,0.003925893002388921,0.05123839288664142,0.9923921834078259,60.0,0.0064279840244774004,0.02611513867182085,41,41,0.0,-3.590134322957994e-05,2344.4633342689767,2720.8325821847825
H1_HPI_ETMY_BLND_L4C_Y_IN1_DQ,0.0008981394787611201,0.010699471741884771,0.4103880752976477,60.0,0.006425850792439955,0.026012625649825073,41,41,0.0,0.00039023123278400355,1189.050545807619,1193.7274453667844
H1_PEM_EY_ACC_BSC10_ETMY_Y_DQ,0.003960953084610648,0.051211511009601765,0.9922397283068236,60.0,0.006425571364712987,0.025872732854298076,41,41,0.0,1.3048997216813241e-05,23.005234927556664,29.993501390460384
H1_PEM_EX_ACC_BSC9_ETMX_X_DQ,0.003952561923511307,0.051072596359730306,0.9913367539762051,60.0,0.006415703991411358,0.02607295448812225,41,41,0.0,-0.00033758439967691546,23.904757547527016,29.573331868267235
H1_PEM_EX_ACC_ISCTEX_TRANS_X_DQ,0.004021030865774517,0.05136535365663153,0.9929087263621005,60.0,0.006414775254570194,0.02605241478977974,41,41,0.0,-2.1479097312487487e-05,32.12952578254378,33.40780568206473
H1_ISI_BS_ST2_BLND_RZ_GS13_CUR_IN1_DQ,0.004122086615227116,0.049994037258435556,0.9709010547457255,60.0,0.006403526008110723,0.02587181877037244,41,41,0.0,-0.00010692906486148876,14.676399165130723,18.043995345111966
H1_PEM_EX_ACC_EBAY_FLOOR_Z_DQ,0.0039037985355040807,0.050556361344030326,0.9852767978125324,60.0,0.006402444311287575,0.02601779531802415,41,41,0.0,-3.856064512928713e-05,28.641332727418682,48.795995363831466
H1_TCS_ITMX_CO2_ISS_OUT_AC_OUT_DQ,0.0033336519275905365,0.04694365963667221,0.9820984153377689,60.0,0.006397534927050945,0.02620489454029175,41,41,0.0,-3.1900202737774e-05,6.5617921787227146e-06,0.00038166727218823254
H1_PEM_EY_MAG_EBAY_SEIRACK_X_DQ,0.003954487017002465,0.0512013325312027,0.991111424836859,60.0,0.0063970006813675526,0.02603369771999945,41,41,0.0,-0.000310068399082498,2361.3602698035575,2550.310870665017
H1_PEM_FCES_MAG_VEA_FLOOR_X_DQ,0.0040385117465602215,0.050396871227251845,0.958094547665466,180.0,0.006392412520384168,0.026163390883052653,41,41,0.0,-9.85109372709381e-06,786.853684603687,6032.281887150023
H1_PEM_CS_MAINSMON_EBAY_3_DQ,0.003994187163513389,0.05136816316149175,0.9928269802312567,60.0,0.00639060584538937,0.02625748553048321,41,41,0.0,-3.8315449839759756e-05,1794.7743201147762,1794.774353079575
H1_PEM_CS_MAINSMON_EBAY_1_DQ,0.00399179710484037,0.051370988806068274,0.9928064323217863,60.0,0.006389736086889564,0.02635482081099519,41,41,0.0,-3.315554063997296e-05,1796.0044516227936,1796.0044516718733
H1_PEM_EY_MAG_VEA_FLOOR_Y_DQ,0.0038879034755030187,0.05133691994544793,0.9928522770997854,60.0,0.006384072600964982,0.026064609367116978,41,41,0.0,-1.888859805529087e-05,480.9139653762208,1314.3735182074413
H1_PEM_CS_MAG_LVEA_VERTEX_X_DQ,0.004375176734925772,0.05171654033421786,0.9758375163208286,60.0,0.006380145998600192,0.024471515022644854,41,41,0.0,-2.478801661725765e-06,338.13124094004166,1489.713347369359
H1_PEM_EX_ACC_OPLEV_ETMX_Y_DQ,0.003920589490227826,0.051177128484253674,0.9926194044222322,60.0,0.006374702618336067,0.026089714082899573,41,41,0.0,-9.751193418745281e-06,40.5201624947261,40.985943520529524
H1_PEM_EX_LOWFMIC_VEA_FLOOR_DQ,0.001936834150261334,0.037839918277294375,0.9928498019834743,60.0,0.006373366023244024,0.026116664027148528,41,41,0.0,-6.0687633539451217e-05,2.1891389587907453,2.2827633535533107
H1_PEM_EX_ACC_BSC9_ETMX_Z_DQ,0.004018496547856952,0.051366694412719315,0.9929273499137311,60.0,0.006363589058559687,0.026066412305348983,41,41,0.0,-5.165787781591048e-06,34.545654806325295,34.68989141732183
H1_PEM_FCES_MAG_VEA_FLOOR_Y_DQ,0.003536209909354256,0.042639929146310374,0.9579234620347951,180.0,0.006362014984204154,0.02594237704078652,41,41,0.0,-1.1094595764244538e-05,191.93822384406357,2738.7708982209056
H1_PEM_EY_ACC_EBAY_FLOOR_Z_DQ,0.00261251069082171,0.031595243480706275,0.8922278857338004,180.0,0.006361656833810719,0.026123258828666437,41,41,0.0,7.217933016763667e-05,34.87375147750182,36.82465448739792
H1_PEM_EY_MIC_VEA_MINUSY_DQ,0.0006436202891123538,0.00434090189716678,0.15566744618748538,120.0,0.006354108088228898,0.025806867333276567,41,41,0.0,0.0034802579677131714,46.74063251886208,55.36745528233109
H1_ISI_ETMY_ST2_BLND_RZ_GS13_CUR_IN1_DQ,0.004095344591160432,0.05152995160060935,0.9875088150231784,60.0,0.006349064543674534,0.02610948041774078,41,41,0.0,1.4469173790881373e-05,0.8857178042654409,1.561158219816635
H1_PEM_CS_MAG_LVEA_INPUTOPTICS_X_DQ,0.004127144561303584,0.05004259996765947,0.9576187472788136,180.0,0.006344931193023134,0.025179219353414807,41,41,0.0,-0.00010679178552184809,351.63971261250606,2303.580976220638
H1_PEM_EY_ACC_VEA_FLOOR_Z_DQ,0.003959292625605523,0.051275673686512924,0.9923614937809899,60.0,0.006336532592686659,0.026037980265345217,41,41,0.0,-4.187516289865762e-05,27.640588204093806,28.08765194528124
H1_ISI_ITMY_ST2_BLND_RZ_GS13_CUR_IN1_DQ,0.004251408360690344,0.051694437943571404,0.9880114721084927,60.0,0.0063364758113225485,0.02565303501259253,41,41,0.0,-8.82641837457194e-05,0.9183006052817871,1.1601236940625086
H1_PEM_EY_ACC_BSC10_ETMY_X_DQ,0.003899091072421542,0.05114853235664738,0.9921078453779658,60.0,0.006335078689802149,0.025600586892494448,41,41,0.0,-4.9822470183515106e-05,36.37592828729794,38.14950235358044
H1_PEM_EY_MAG_EBAY_SEIRACK_Z_DQ,0.0037372657221798724,0.05089021201773996,0.9867808291692902,60.0,0.00633207780889298,0.026070539111423492,41,41,0.0,-2.7749964992116113e-05,2578.310986438606,2725.897551759321
H1_ISI_GND_STS_ETMY_Y_DQ,0.0005322339475054212,0.003959970086620455,0.15560267166187286,120.0,0.006331451481092178,0.025808780286540607,41,41,0.0,0.0006962103524482494,437.5243734240023,789.3326420112251
H1_PEM_CS_MAINSMON_EBAY_2_DQ,0.003987430323099325,0.05136788484290782,0.9928283078384238,60.0,0.006326940686607269,0.025931875780970403,41,41,0.0,7.011271990078853e-05,1802.740300472046,1802.740321373434
H1_PEM_EX_ACC_VEA_FLOOR_Z_DQ,0.004001300812999253,0.051226147690659786,0.9925313118771547,60.0,0.0063262827921513436,0.02596930170319419,41,41,0.0,0.0003023671191520608,16.09330495721457,21.602020986317047
H1_ISI_ETMX_ST2_BLND_Z_GS13_CUR_IN1_DQ,0.003979195311977599,0.05111294402819858,0.9898533410985143,60.0,0.006326053029036095,0.02597701567647067,41,41,0.0,0.0019330650757395538,1.5547945627443633,2.432711564129734
H1_PEM_EX_SEIS_VEA_FLOOR_X_DQ,0.0017986342152864429,0.03359294617279483,0.9484339712337524,60.0,0.0063246719522155005,0.02588841642338255,41,41,0.0,0.006973188438210333,47.429370693028226,156.68166221826527
H1_ISI_GND_STS_ETMX_Z_DQ,0.0010895098897199188,0.012526218026563254,0.3488466629491188,180.0,0.006324622657709886,0.02582978115616748,41,41,0.0,0.002602814689255878,344.25278925499254,4533.987201412521
H1_PEM_EY_ACC_ISCTEY_TRANS_X_DQ,0.003961320753665869,0.05126982916729921,0.9924038166761253,60.0,0.006316056241091121,0.026035892996129302,41,41,0.0,-3.138792171856323e-05,29.79547658263729,40.88779679545031
H1_SUS_ETMX_L3_OPLEV_PIT_OUT_DQ,0.0006826531948488425,0.00614770811960341,0.1722944689539081,60.0,0.006314146715077303,0.025834215248416677,41,41,0.0,8.582595032451018e-05,0.056504038321654425,6.9046789170454534
H1_ISI_GND_STS_ETMY_Z_DQ,0.0006725194742170748,0.005137799312267183,0.1551945376299389,120.0,0.006311266101205978,0.02576868582488689,41,41,0.0,5.6008931665340494e-05,384.18824006000904,3418.743527582745
H1_ISI_ITMY_ST1_BLND_RZ_T240_CUR_IN1_DQ,0.0023065404299046507,0.03800370155177994,0.9884691314730899,60.0,0.006280336710277789,0.017716097825947543,41,41,0.0,-2.6430871045969425e-05,24.059092220929887,143.14387370853532
H1_ASC_REFL_B_RF9_I_PIT_OUT_DQ,0.0009016142041244741,0.007373461650040898,0.21805669765581986,180.0,0.006267748026233948,0.006794679026631064,41,41,0.0,-0.00013075749199478067,2177.1932411089356,2194.2865500904577
H1_ISI_BS_ST2_BLND_Z_GS13_CUR_IN1_DQ,0.0041608364697477826,0.048122989966762245,0.9581905411356214,180.0,0.0062586423352185006,0.02589081770755893,41,41,0.0,9.567466461397446e-05,11.016071572385645,12.22600184000751
H1_PEM_EY_MAINSMON_EBAY_3_DQ,0.004020457631738566,0.051357800763806055,0.9928348484179775,60.0,0.006255658114608171,0.02566749933029702,41,41,0.0,-3.488039875338512e-05,1848.5062154799616,1848.5072889924913
H1_ISI_ETMX_ST2_BLND_RZ_GS13_CUR_IN1_DQ,0.0039466649933851215,0.05079198768242026,0.9859791313801635,60.0,0.006253936460944368,0.02588750771211343,41,41,0.0,-0.0005326201876415501,1.6837160727308098,1.9656936041365944
H1_PEM_VAULT_MAG_1030X195Y_COIL_X_DQ,0.0039677236656030825,0.051265437248791235,0.990659992127372,60.0,0.0062310384299455,0.02581644161628849,41,41,0.0,9.51438645574371e-05,517.41796665966,517.4223525135419
H1_ISI_GND_STS_ETMY_X_DQ,0.0008857399531447422,0.010750164580158657,0.4052589062723201,180.0,0.006210707755810399,0.02525253838080708,41,41,0.0,0.000475284014431497,2008.6476423527997,3345.260000878881
H1_PEM_VAULT_MAG_1030X195Y_COIL_Y_DQ,0.0039627120989455655,0.051241990649385775,0.9897407230134276,60.0,0.0062079170777063096,0.02530039988433973,41,41,0.0,-6.801020913337768e-05,234.57405175639303,375.4882670442779
H1_PSL_FSS_FAST_MON_OUT_DQ,0.0038111315930075247,0.05017023428369578,0.9825733454223692,60.0,0.00619733906864361,0.02383239118857865,41,41,0.0,0.00011168460922750178,0.10574682224972165,0.10578087335324712
H1_PEM_EY_MAINSMON_EBAY_1_DQ,0.00397267898477283,0.051323074098111744,0.992844637536705,60.0,0.006183828244494504,0.025109657004682186,41,41,0.0,7.081919974610682e-05,1843.7748051114086,1843.7786667809617
H1_SQZ_FIBR_MIXER_OUT_DQ,0.0037430105175517312,0.050871423884095,0.9910026339913026,60.0,0.00617143375429604,0.02553328364690501,41,41,0.0,9.856802704351727e-05,9.695290982433243e-07,1.3464226905645127e-05
H1_PEM_EX_MIC_EBAY_RACKS_DQ,0.0008049413670772462,0.007738375426065193,0.2395567054952011,60.0,0.006168813596748012,0.025685925736486245,41,41,0.0,-0.0006405176382837045,162.41707599370787,163.02130786933512
H1_PEM_EX_MAINSMON_EBAY_2_DQ,0.003945806816755667,0.05131004559631369,0.9928698846478738,60.0,0.006147936421361358,0.024714829337331625,41,41,0.0,3.463970367482583e-05,1846.928097889566,1846.928165963209
H1_PEM_EY_MAINSMON_EBAY_2_DQ,0.003931690668390534,0.05129442675616786,0.9928463978354916,60.0,0.006138412044133433,0.025282152506494703,41,41,0.0,-3.64815792551948e-05,1841.669885341553,1841.6716128275696
H1_SUS_PR2_M1_DAMP_P_IN1_DQ,0.0023529120277625735,0.03869776383707119,0.9889977441090414,60.0,0.006132269121962825,0.02452774804597066,41,41,0.0,-0.0019066505940714944,0.07401359709205553,475.1616370321424
H1_ISI_ITMY_ST2_BLND_Z_GS13_CUR_IN1_DQ,0.00432962666010644,0.051478647829138614,0.9820773056712859,60.0,0.006130396535440058,0.02520015236530926,41,41,0.0,-6.582971870971895e-05,0.5764774241929839,3.1829030272329466
H1_PEM_EY_MIC_VEA_PLUSY_DQ,0.000700214256347265,0.005336383012801758,0.15390659614808141,120.0,0.006120008040755602,0.025276829700239426,41,41,0.0,-0.003129546200625983,46.58765397387317,46.631218936464116
H1_ASC_X_TR_B_YAW_OUT_DQ,0.003175906129555826,0.04532371910208393,0.9355016409633382,60.0,0.006109281674306603,0.024993185925124794,41,41,0.0,-0.0005001463960446489,0.0029952506748342532,0.0029967132951522284
H1_SUS_PR2_M1_DAMP_V_IN1_DQ,0.0022388114605316842,0.038538954093341425,0.9885349955356297,60.0,0.006107165955830501,0.024995051164709764,41,41,0.0,-9.231527898480118e-06,0.029430397361625973,13.848056595292695
H1_HPI_ETMX_BLND_L4C_RY_IN1_DQ,0.0014339139992181143,0.02284291696620496,0.8060599079085059,180.0,0.0061067989199937575,0.02528323750570974,41,41,0.0,0.0034015511265074005,84.77266225288619,85.24651006800691
H1_PEM_EY_ACC_OPLEV_ETMY_X_DQ,0.0038504760266902588,0.05112929627812979,0.9922796757926929,60.0,0.006097894166116803,0.025338146716016138,41,41,0.0,-7.917157290563975e-06,69.5574165775455,69.81513803692087
H1_SUS_BS_M1_DAMP_T_IN1_DQ,0.00196117066103935,0.037604324252226984,0.98992452077796,60.0,0.006082967081681337,0.02506322556478887,41,41,0.0,0.00011008602963271007,0.00728304271690087,68.62970263592382
H1_HPI_ETMX_BLND_L4C_Z_IN1_DQ,0.001705900011651007,0.023485528486644196,0.7583192389340294,180.0,0.0060782880139081084,0.024978298593759912,41,41,0.0,0.005322885344353739,381.35856778033167,385.0964684073759
H1_HPI_ETMX_BLND_L4C_RZ_IN1_DQ,0.002400525348714622,0.03535185392681371,0.8540019634563762,180.0,0.006075033239607727,0.02521040303773496,41,41,0.0,-0.00048423455765237745,190.84893373467517,191.17765103272802
H1_PEM_EX_MAINSMON_EBAY_1_DQ,0.003942026721492735,0.05130382651751717,0.9928699932390074,60.0,0.006031010358189831,0.02468253606403711,41,41,0.0,-3.473582644082644e-05,1844.505888688441,1844.5058989465217
H1_HPI_ETMX_BLND_L4C_HP_IN1_DQ,0.0017604771787380186,0.028311513488384312,0.9052640220243182,180.0,0.006016976922973366,0.024814715914554503,41,41,0.0,0.0019542634899862464,91.82176154034102,117.46922446138227
H1_ISI_ITMX_ST1_BLND_Z_T240_CUR_IN1_DQ,0.0033562657272356595,0.04614468266039391,0.9838709382875205,60.0,0.00600013695249372,0.014161946812061536,41,41,0.0,7.944061918289449e-05,51.64668391648369,349.1286289532263
H1_ISI_GND_STS_ETMX_X_DQ,0.0031209353550670123,0.04889016811176787,0.9789311726806106,60.0,0.005995902952887993,0.02463881161903965,41,41,0.0,0.0036816316925529784,570.0425263500379,574.0184767388063
H1_PEM_MX_SEIS_VEA_FLOOR_X_DQ,0.0006795342001576598,0.006253628396131665,0.2008486915158194,60.0,0.005988957844017664,0.024762616031795175,41,41,0.0,0.0016435409958149203,4.86588164738022,11.838336527705145
H1_ISI_HAM8_BLND_GS13RY_IN1_DQ,0.0038847070360874497,0.04918010292098666,0.9867245170579816,60.0,0.00598411777470599,0.02407270783339328,41,41,0.0,-2.903259815642496e-05,2.939530562313835,5.206849369552731
H1_ISI_GND_STS_ETMX_Y_DQ,0.0014566663447081903,0.02410441701403691,0.8117121559780152,60.0,0.005982136114225644,0.024618765543742694,41,41,0.0,0.00049400261515465,933.1698469320503,958.4482847941631
H1_PEM_EX_SEIS_VEA_FLOOR_Y_DQ,0.0017661829537128193,0.032414497672122955,0.9376191112336869,60.0,0.005961981060397239,0.024976359911700313,41,41,0.0,-0.001873299743232985,56.14451234394977,960.9820972302447
H1_PEM_CS_MAG_LVEA_INPUTOPTICS_Z_DQ,0.004208614111198913,0.05213363461254738,0.9869746953651906,60.0,0.005948027477038118,0.02323356177723183,41,41,0.0,-0.0003483407383020184,409.5058245263906,409.50593051072485
H1_PEM_EX_MAG_VEA_FLOOR_Y_DQ,0.00392790262936309,0.050611642345175435,0.9693328907250023,60.0,0.005941113972610033,0.02459053827963906,41,41,0.0,-8.432914797400214e-05,128.58202506140668,15647.804520935744
H1_SUS_MC2_M1_DAMP_T_IN1_DQ,0.002104440957716816,0.03783940306363486,0.9863615789522997,60.0,0.005937239722451631,0.024381777919404414,41,41,0.0,4.160703765189129e-05,0.0035386878362153695,81.0729701497589
H1_HPI_ETMY_BLND_L4C_HP_IN1_DQ,0.001749248980166661,0.024538282149339008,0.7205950132491364,180.0,0.00593195823818108,0.02470314438132243,41,41,0.0,0.00034851338377076235,91.70353756913981,109.7986719584908
H1_PEM_EX_MAINSMON_EBAY_3_DQ,0.003962275809854386,0.05132882211667236,0.9928782566079862,60.0,0.005915608232902768,0.024173431873715217,41,41,0.0,3.655685052426729e-05,1847.2269887706607,1847.227315284947
H1_PEM_MX_SEIS_VEA_FLOOR_Y_DQ,0.0011331365521875432,0.01824612137356331,0.6626412436882503,60.0,0.005895696869571131,0.024368385525219576,41,41,0.0,-0.0010028791721302182,4.778075976379501,39.945713992255236
H1_ISI_ETMY_ST2_BLND_Y_GS13_CUR_IN1_DQ,0.002480387057858339,0.03670063693613756,0.942971867295282,180.0,0.005869676795403535,0.024327479350431346,41,41,0.0,2.272964134031942e-05,1.5606864648980943,3.6240588928820716
H1_ISI_ETMY_ST2_BLND_X_GS13_CUR_IN1_DQ,0.0020526134059191794,0.033714597227297805,0.9523351341880408,180.0,0.0058432362901246725,0.02436856625178123,41,41,0.0,1.6220421443552064e-05,5.496723132155669,5.501465572305094
H1_HPI_ETMX_BLND_L4C_RX_IN1_DQ,0.0007151306484100437,0.005019864126653887,0.14649708568884046,120.0,0.005839124698257982,0.024282422395063896,41,41,0.0,-0.001295785696366327,156.97241532050845,159.63693723255892
H1_PEM_EX_MIC_VEA_MINUSX_DQ,0.0007055225385117588,0.0050404998371716666,0.1461458717822263,120.0,0.005831830279856071,0.023940217986124473,41,41,0.0,0.0016645359858017347,45.18856833105208,51.4360573397536
H1_HPI_ETMX_BLND_L4C_VP_IN1_DQ,0.0014610538627854463,0.023035571127032476,0.8361204394918612,180.0,0.005824140917888038,0.02442608405530396,41,41,0.0,0.0003694101635362598,97.21298315978703,100.63759683476198
H1_PEM_CS_RADIO_ROOF2_BROADBAND_DQ,0.001364386172400725,0.018651696776629666,0.6117621729629562,180.0,0.00581585667751851,0.02435334860494861,41,41,0.0,-0.001087037192535842,1.5876351611740427,1.6013676835827488
H1_SUS_PRM_M1_DAMP_L_IN1_DQ,0.002106860345095332,0.03734771298796434,0.9841231117414154,60.0,0.005808672896951665,0.023665628459206226,41,41,0.0,2.705112253185757e-05,0.18734016868504988,70.62646153742463
H1_HPI_ETMY_BLND_L4C_RX_IN1_DQ,0.0014598370110528187,0.023394328059330543,0.8167825163969876,180.0,0.0057550890290155535,0.02375894421295182,41,41,0.0,0.0006380496546379158,133.89160109196774,135.84072181910915
H1_ISI_ETMY_ST2_BLND_RY_GS13_CUR_IN1_DQ,0.0027184254521056975,0.04024972361187753,0.9496236949121837,180.0,0.005747658675126296,0.024247139913010984,41,41,0.0,0.00010525346126409799,0.6633838758822159,2.5661707507332507
H1_HPI_ETMX_BLND_L4C_Y_IN1_DQ,0.0022400164164418077,0.033136171739702056,0.901322722603946,180.0,0.0056990137411950656,0.023721741051000445,41,41,0.0,0.0032183052351331203,987.9365976687523,995.797729259123
H1_ISI_ITMX_ST2_BLND_RZ_GS13_CUR_IN1_DQ,0.004160418330924543,0.051250179724874674,0.988886256273542,60.0,0.0056815440721923755,0.02300206573955042,41,41,0.0,6.660671559124406e-06,9.102568749633829,9.583608850891855
H1_SUS_PRM_M1_DAMP_Y_IN1_DQ,0.001943976539732047,0.037084729307962326,0.9842986455230657,60.0,0.005592826679589175,0.023308379955808273,41,41,0.0,2.196001840960809e-05,0.26034128148444313,304.6946200938279
H1_ASC_X_TR_A_YAW_OUT_DQ,0.002158911284372519,0.02912755174842665,0.7761938424472762,180.0,0.005550169364878592,0.02346248117504686,41,41,0.0,-0.000999976367200221,0.0020066794033485745,0.2641022674989457
H1_SUS_PR2_M1_DAMP_R_IN1_DQ,0.002037590035912972,0.03682575457169907,0.9803754365693457,60.0,0.005547181389267672,0.023381152362497944,41,41,0.0,0.001037322291301885,0.013908175137446282,62.73987097717469
H1_PEM_EX_MAG_VEA_FLOOR_Z_DQ,0.003914024871251044,0.05121772727677025,0.9898704304375424,60.0,0.00552560418230969,0.023310857345820658,41,41,0.0,0.00010157240785378427,283.0047292207204,2065.815323086341
H1_ISI_BS_ST1_BLND_RZ_T240_CUR_IN1_DQ,0.0025345299931784438,0.033044373972306,0.8401542021567993,180.0,0.005518570925341923,0.010851897027651436,41,41,0.0,0.00022899295973884226,45.82378538938266,94.22990979581733
H1_HPI_ETMY_BLND_L4C_Z_IN1_DQ,0.0012598656861781258,0.018199508600117025,0.682089859577744,180.0,0.005507446296390698,0.023280202746210038,41,41,0.0,0.0009183418896794969,441.55592518455387,445.47886056260734
H1_HPI_ETMY_BLND_L4C_RZ_IN1_DQ,0.0013175164568527613,0.01704585774381567,0.4843331634127357,180.0,0.005493903851848029,0.022855037630413244,41,41,0.0,4.6891485789471945e-05,230.84784076738075,231.04043418650875
H1_PEM_MX_ACC_BEAMTUBE_CRYO_Y_DQ,0.0007404957149413355,0.006057925032671738,0.14648311088211707,120.0,0.005467090077686357,0.02350409271305012,41,41,0.0,-1.5481569185092047e-05,764.4917074496094,771.6174686961185
H1_ISI_HAM8_BLND_GS13Z_IN1_DQ,0.0037612690855511987,0.046330405790987864,0.9872951471970307,60.0,0.005453766955532975,0.021292021718282476,41,41,0.0,-7.860465901317809e-05,1.5857719143569202,2.0566962495874512
H1_PEM_FCES_ACC_HAM8_FC2_Z_DQ,0.0023730674799212013,0.027859895776652238,0.8059133402418901,180.0,0.005443886363933768,0.022040489485643716,41,41,0.0,0.00011806953667528487,61.564394899560895,61.646802902573135
H1_PEM_EX_MAG_VEA_FLOOR_X_DQ,0.0038286787318401066,0.05084479893916829,0.977879128657651,60.0,0.00544220834129723,0.023047257496981676,41,41,0.0,-0.000271806326079218,90.14758557625855,9533.306675526535
H1_PEM_CS_RADIO_LVEA_NARROWBAND_2_DQ,0.0033170496019079127,0.04576235407026488,0.9461118341866436,180.0,0.005439436993132226,0.022718325723145704,41,41,0.0,0.0001283136638044471,0.9519295701113014,58.232466518934245
H1_PEM_CS_MAG_LVEA_VERTEX_Z_DQ,0.003940626038371351,0.05129928412287448,0.993078230244407,60.0,0.005423690450669281,0.021787699559650712,41,41,0.0,-7.333923139803585e-05,542.4230419585157,6973.18765014828
H1_PEM_FCES_ACC_HAM8_FC2_Y_DQ,0.0025655321499358816,0.03445238552523999,0.8965836042563494,180.0,0.005388375931348115,0.02222456521514125,41,41,0.0,-5.978055033398965e-06,101.30995053712444,101.33629774024602
H1_SUS_MC2_M2_WIT_L_DQ,0.0018686684369752385,0.03601869376384761,0.9742121166057647,60.0,0.005359542847799423,0.022439293827508748,41,41,0.0,2.092968336442487e-05,0.09314014939255565,9.53333546302888
H1_HPI_ETMY_BLND_L4C_VP_IN1_DQ,0.0011423696249847576,0.017581797595246078,0.6707462714509885,180.0,0.005349349508603432,0.0226435257581785,41,41,0.0,0.00045392018748301746,169.0023863246266,169.51408917487433
H1_ISI_ETMY_ST2_BLND_RX_GS13_CUR_IN1_DQ,0.002010148813149872,0.03338166524536452,0.9497451493396633,180.0,0.005349044836218498,0.022954324918836744,41,41,0.0,0.0028547508818960302,0.8188822431593721,6.762929320073833
H1_LSC_MOD_RF9_AM_CTRL_OUT_DQ,0.0044382953565727315,0.051372953663033995,0.991762018529887,60.0,0.005332640253627844,0.022141084269907123,41,41,0.0,1.8985854989943558e-05,0.0004989174622161574,3.655793765093192
H1_SUS_MC2_M1_DAMP_L_IN1_DQ,0.0018985841384133908,0.03542651530260808,0.9677636941908597,60.0,0.00526949008401014,0.0225434991383568,41,41,0.0,2.5573151319292163e-06,0.06341697631618715,3.4600889099858385
H1_PEM_FCES_ACC_HAM8_FC2_X_DQ,0.002359489316334808,0.032621736723204266,0.9156560651552318,180.0,0.005269385865961654,0.021143833831681818,41,41,0.0,-9.398241208034104e-06,94.44578508140145,94.44605941843442
H1_ASC_REFL_A_RF9_Q_PIT_OUT_DQ,0.0009075729925356791,0.007701333268169705,0.23775638241144775,20.0,0.005244802839052387,0.007270236598700789,41,41,0.0,-0.00012466855036563334,1279.7561631856388,1782.2145145555457
H1_SUS_FC1_M1_DAMP_V_IN1_DQ,0.001652562679822118,0.028745189928513964,0.8754715150582687,60.0,0.005237353391329073,0.02205827144517254,41,41,0.0,4.234477829384619e-05,0.009139499668404367,39.05549347020637
H1_SUS_MC2_M1_DAMP_Y_IN1_DQ,0.0018474840368727572,0.0353606341067688,0.9673657625655329,60.0,0.005228319339742412,0.022388665469840727,41,41,0.0,0.0002297948863246881,0.105267813370044,378.8580977053792
H1_PEM_MY_ACC_BEAMTUBE_CRYO_X_DQ,0.000702453109772018,0.005634746884892461,0.16945396241355262,180.0,0.005220175534614388,0.02134889070320407,41,41,0.0,0.00017303333341695665,379.40649090900786,379.422739136067
H1_ASC_REFL_B_RF45_Q_PIT_OUT_DQ,0.00218630113952354,0.028399236575893036,0.8190431399339735,60.0,0.005201124061812685,0.007832009213157963,41,41,0.0,0.0002506533401312427,167.74386660309662,571.9118886379599
H1_PEM_CS_RADIO_ROOF4_BROADBAND_DQ,0.003973023997820391,0.051321745490123145,0.9928669867973388,60.0,0.005063501582778476,0.021722322115077183,41,41,0.0,7.859056374688273e-05,5.44945854249674,6.425764174422869
H1_SUS_PR3_M1_DAMP_V_IN1_DQ,0.001973628889109652,0.03581870079953691,0.9716593088511082,60.0,0.005021167050487166,0.021328123558299918,41,41,0.0,-5.5711503209948634e-05,0.020038277374195074,53.63269544506185
H1_ISI_HAM8_BLND_GS13RX_IN1_DQ,0.0037257761674012475,0.04752779249986237,0.991574945020322,60.0,0.004984462114735539,0.020729604284920315,41,41,0.0,0.0003686016906800106,1.3756382838669063,1.4488905434274317
H1_SUS_PR3_M3_OPLEV_SUM_OUT_DQ,0.0006297457617734286,0.003684677653270679,0.13627302824890608,20.0,0.0049762436432307985,0.0045925152706466545,41,41,0.0,0.0001415564547223703,10.633114932857607,22632.26877358339
H1_SUS_ITMY_L3_OPLEV_SUM_OUT_DQ,0.0006318361879147037,0.003146068127476899,0.0720679375666371,20.0,0.004933255119759944,0.007083682272069283,41,41,0.0,-6.405749384454651e-05,7.133311801704244,17730.29505461031
H1_SUS_BS_M1_DAMP_V_IN1_DQ,0.0018024427657207073,0.0353286267503923,0.9695898981777648,60.0,0.0049118001838866976,0.021047794002453313,41,41,0.0,0.00010739741895024268,0.008362598064651075,35.622601536463435
H1_PEM_CS_ADC_4_30_16K_OUT_DQ,0.0011905722124960112,0.01622008038678453,0.625896956498465,180.0,0.004885557831900439,0.019445540389868954,41,41,0.0,0.0036759891818345606,933.6771899048845,943.4056422524868
H1_HPI_ETMX_BLND_L4C_X_IN1_DQ,0.0021790499940882503,0.03273058553751727,0.8252687249558129,180.0,0.004884331684303435,0.021122034799151545,41,41,0.0,0.006107740752199684,1614.466290261421,1614.46909245247
H1_ASC_AS_A_DC_NSUM_OUT_DQ,0.0034753257523703375,0.031016576737113416,0.6049626383636695,32.0,0.004849145353452943,0.008932920197108346,41,41,0.0,0.0005597780853853403,164.87147022834048,61890.83696909702
H1_SUS_BS_M1_DAMP_R_IN1_DQ,0.0018053288811991112,0.034873826316966255,0.9640684223623596,60.0,0.004791460178165658,0.020473999577592297,41,41,0.0,0.00018374369523401854,0.01486803719911085,19.034504021985875
H1_ISI_BS_ST2_BLND_X_GS13_CUR_IN1_DQ,0.0024278053527259993,0.03434044773485324,0.9572286255442066,180.0,0.004722606329393018,0.018354166820985028,41,41,0.0,-0.0004835643591278445,2.5670742367552752,6.634739734976767
H1_SUS_PRM_M1_DAMP_T_IN1_DQ,0.0018032694162980624,0.03464455821230048,0.960923890692449,60.0,0.004713512442564068,0.02028262420914301,41,41,0.0,0.00045719728743095036,0.0022945667272184418,79.2185287798341
H1_ASC_REFL_A_RF9_I_PIT_OUT_DQ,0.0009505931554438962,0.008764632809017243,0.2767801538869538,60.0,0.00468083559445115,0.006292975184382776,41,41,0.0,-0.0001242453660001375,6037.528978890517,6105.916534301675
H1_ISI_ETMX_ST2_BLND_Y_GS13_CUR_IN1_DQ,0.0022080920449724087,0.028414386105799758,0.7623611507847077,180.0,0.00465519229493857,0.019678144072724845,41,41,0.0,-8.647423457364104e-05,3.132435343746835,3.775300313650079
H1_PEM_EY_ADC_0_08_OUT_DQ,0.0012644875778004099,0.01685041089604034,0.6144332426099842,180.0,0.004601580760533817,0.019441793671288902,41,41,0.0,0.000837866731919897,1.147233518911402,231.39822966232825
H1_SUS_ETMX_L3_OPLEV_YAW_OUT_DQ,0.0007605791519336483,0.0069950729958715195,0.22604322363064167,60.0,0.004590556889440744,0.01964967996502192,41,41,0.0,2.0709063441716373e-06,0.05020930484217923,12.214926915448617
H1_PEM_FCES_MIC_VEA_HAM8_DQ,0.0010730914530040422,0.014078869236468805,0.5265347673877606,180.0,0.004568442606464631,0.02030093204055163,41,41,0.0,0.001525528821768846,44.71171109149629,47.64864110325249
H1_PEM_EX_MIC_VEA_PLUSX_DQ,0.0005902176767352604,0.003694891589420834,0.1171529928804316,120.0,0.004421406426810343,0.01885759937968517,41,41,0.0,-0.001123951190314602,52.76821383610691,53.11309114812853
H1_ASC_AS_B_RF72_Q_SUM_OUT_DQ,0.004913578816718343,0.05445755430545233,0.9911854393104435,60.0,0.004380717381213443,0.018597829475972237,41,41,0.0,-0.00031101465647205464,0.5447799137460252,157.48625133009253
H1_PEM_VAULT_SEIS_1030X195Y_STS2_X_DQ,0.0019174564768630515,0.03728811235876425,0.9887946308410723,60.0,0.004361133359845057,0.019453908941731757,41,41,0.0,-0.00017080525620921988,25.11857234837934,7792.345335243246
H1_SUS_FC2_M1_DAMP_T_IN1_DQ,0.001179396299445735,0.021149566515957164,0.7346561991002036,60.0,0.004285088466703435,0.018280008282057152,41,41,0.0,-2.159513903024732e-05,0.007145743482620634,279.60307830761076
H1_PEM_CS_RADIO_ROOF3_BROADBAND_DQ,0.003969685478407529,0.051286950457709354,0.9928450733581496,60.0,0.004278964960240526,0.01899075577908306,41,41,0.0,1.0564471064469384e-06,4.172892004386594,4.825297592835974
H1_PEM_EX_ACC_BSC9_ETMX_Y_DQ,0.0032483009081376696,0.04746326927428082,0.9924164107207508,60.0,0.004269760205256332,0.016678632780561975,41,41,0.0,3.3904115576154684e-05,115.18215744777225,115.19956243137241
H1_ISI_HAM8_BLND_GS13X_IN1_DQ,0.0026445561155394063,0.034352258450125926,0.797784732821154,180.0,0.004269572222813418,0.018064533803504066,41,41,0.0,8.695819538634533e-05,3.2205486105022816,3.7813536290933767
H1_ASC_CSOFT_Y_OUT_DQ,0.0010724093026033444,0.013449271376283104,0.4593199415860087,60.0,0.004235063163389489,0.018707545264105972,41,41,0.0,-0.003150501466531708,49.475891353838776,49.475891410967506
H1_HPI_ETMY_BLND_L4C_X_IN1_DQ,0.0016825126330527454,0.024811887729883044,0.7421885780948497,180.0,0.004222789723350483,0.0186152962419476,41,41,0.0,0.0023471103999199816,1178.3190103741822,1178.5711999651141
H1_PEM_EY_SEIS_VEA_FLOOR_Y_DQ,0.0009314538793819073,0.013439559852233454,0.5209912340204562,60.0,0.004214782816497083,0.018411777664764862,41,41,0.0,-0.0015176708023505955,33.92728069661896,172.47462986039167
H1_SUS_FC1_M1_DAMP_T_IN1_DQ,0.0012597710235675201,0.021045985918034655,0.736448397706104,60.0,0.004151935984877648,0.018338282483270504,41,41,0.0,-0.00013596898568490494,0.005121558166408176,21.1187858436129
H1_PEM_CS_RADIO_EBAY_NARROWBAND_2_DQ,0.002583321823070368,0.038633091799170745,0.9214560160537199,180.0,0.004133425563066896,0.018696904736474732,41,41,0.0,-0.00022058639079723522,0.7696791044952267,33.898035291633605
H1_PEM_EY_ADC_0_13_OUT_DQ,0.000737534923074736,0.006994310557596267,0.2377200878850893,60.0,0.004130084984392675,0.018101836475787714,41,41,0.0,0.0004420627052142595,523.1848718588456,2880.6929084092294
H1_PEM_VAULT_SEIS_1030X195Y_STS2_Y_DQ,0.0019208220311115985,0.037277329290627215,0.9887823162631576,60.0,0.004113443013683517,0.018440357407930093,41,41,0.0,0.0001828296393539726,25.02674461350981,788.7038288529474
H1_ASC_Y_TR_B_PIT_OUT_DQ,0.002500700253751763,0.03657823472820273,0.9078400339908698,60.0,0.004033216127221596,0.018412837113534728,41,41,0.0,0.0005905781744014975,0.0024605768249263637,0.0024606120049569576
H1_SUS_ITMX_L2_WIT_L_DQ,0.0015465444081748572,0.029727219233594282,0.9046204318185346,60.0,0.00402233188576832,0.008138730388133333,41,41,0.0,-0.0003604214229166835,0.002031951418749753,228.0144093888595
H1_SUS_FC1_M1_DAMP_L_IN1_DQ,0.0012251144670247167,0.020249740345796546,0.7128680014352412,60.0,0.0038380781894308924,0.01668593220107311,41,41,0.0,8.789019709480467e-05,0.007931429835798332,7.559854376686034
H1_ISI_HAM8_BLND_GS13Y_IN1_DQ,0.0038771976327087376,0.049324060932727655,0.9927722225811011,60.0,0.0038312935438022133,0.016940985382530412,41,41,0.0,-8.5078775951519e-05,2.6554231701081883,3.5414569454002898
H1_ASC_DHARD_P_OUT_DQ,0.0027659820717963503,0.030024898830698178,0.7656980886105051,180.0,0.003705033518455518,0.005263022747944899,41,41,0.0,0.0024243713390909756,183.48383275423686,183.4887985087311
H1_SUS_PR3_M1_DAMP_P_IN1_DQ,0.0017445154874958608,0.030945922034163954,0.9186481961650871,60.0,0.0036589982079584756,0.017037142736248716,41,41,0.0,-0.009813227823289186,0.022374408882643193,636.2515669481294
H1_SQZ_FIBR_EOMRMS_OUT_DQ,0.0006351638799191538,0.006657055440779765,0.2588521542857295,60.0,0.0036138241165130066,0.01564258905401293,41,41,0.0,4.309793917023928e-05,0.0013902842165947871,0.016327395661761224
H1_ISI_BS_ST1_BLND_X_T240_CUR_IN1_DQ,0.0018850175627015864,0.02839612866774121,0.866349119500732,60.0,0.003563287368478898,0.008651698238652061,41,41,0.0,-8.13090427184002e-06,1361.8283047304697,1370.150527734306
H1_ISI_ETMX_ST2_BLND_RY_GS13_CUR_IN1_DQ,0.002643290357869685,0.03667412936514193,0.8942160913065964,180.0,0.0035432682733369174,0.016401739768763253,41,41,0.0,0.009969722166424088,4.9503630964387035,5.376041065717009
H1_SUS_PR2_M2_WIT_L_DQ,0.0015843089714562642,0.02855448476345883,0.8808727169986211,60.0,0.0035293752988394397,0.015218216632769404,41,41,0.0,-0.0004223808090956521,0.00405063135525278,2.538991265029395
H1_SUS_FC1_M1_DAMP_R_IN1_DQ,0.0010998587840401963,0.017959746606377197,0.6576057794420829,60.0,0.0035136213157283616,0.015770261510765198,41,41,0.0,-0.001279126272439547,0.017747654391608948,29.169704114365917
H1_SUS_IM3_M1_DAMP_L_IN1_DQ,0.0017536997504346468,0.033981310327740065,0.9542069724720394,60.0,0.0034384831971184127,0.015197003301322912,41,41,0.0,-4.3229935611586465e-05,0.001798609161234657,15.500666722448608
H1_PEM_CS_MIC_EBAY_RACKS_DQ,0.0005185494604533827,0.0026472513481065893,0.099779471582121,120.0,0.0034188725317102634,0.015550697066668177,41,41,0.0,-0.00040174381899256043,436.97672255873204,437.0859230682883
H1_ASC_AS_B_DC_NSUM_OUT_DQ,0.0027290468826327453,0.02615702321040057,0.5807742677747528,32.0,0.0034060813761593867,0.005987305999278585,41,41,0.0,0.0005386667347555579,175.97080946852327,65718.2126388071
H1_SUS_ZM3_M1_DAMP_L_IN1_DQ,0.0006256782053738187,0.004924946537223152,0.20763586277940715,30.0,0.0033751504190343323,0.004238159097639581,41,41,0.0,-7.805192987686419e-05,0.002252451678482393,43.81383393092597
H1_SUS_IM3_M1_DAMP_P_IN1_DQ,0.0017803329501527158,0.03402363753220998,0.9546415680949807,60.0,0.003297818269564192,0.014279070432041376,41,41,0.0,-0.0004211642345345717,0.0597352462286836,122.08072597902881
H1_SUS_MC1_M3_WIT_L_DQ,0.0017648433752310477,0.03317230988979591,0.9451135387683177,60.0,0.0032677327836189984,0.01517969996720355,41,41,0.0,-0.00012037901574441,0.005522958957859034,18.58684176751481
H1_PEM_EY_MAG_VEA_FLOOR_X_DQ,0.0038779383436290758,0.05129428439619122,0.9929408935145825,60.0,0.0032446388558209807,0.012794195586269297,41,41,0.0,7.095176302290471e-06,303.6706190479083,3167.61978873995
H1_ISI_ITMX_ST2_BLND_Y_GS13_CUR_IN1_DQ,0.0032256427029394865,0.04267223059090708,0.9574214521025323,180.0,0.0031991211690869776,0.01078554379939272,41,41,0.0,-8.89976967803096e-05,1.3450742628629184,2.0313832086555537
H1_PSL_ISS_SECONDLOOP_QPD_YAW_OUT_DQ,0.002442838281275163,0.03689109014761188,0.9347058011581076,180.0,0.003193339139817974,0.004088959471573243,41,41,0.0,-0.00015672071795002422,0.0018962368626283235,0.5926490542741624
H1_ASC_X_TR_B_PIT_OUT_DQ,0.0025794381663079126,0.03794118445619541,0.8751383738798351,60.0,0.0031723961671848554,0.014689527291320129,41,41,0.0,6.28478979947664e-05,0.0028806108965652483,0.0028849798304404896
H1_SUS_MC1_M3_WIT_P_DQ,0.001689761325991394,0.03297154676637924,0.9432497565692322,60.0,0.0031699017041855447,0.014690457551832391,41,41,0.0,0.0007502786050453017,0.052393814694097575,316.476414250732
H1_SUS_IM3_M1_DAMP_Y_IN1_DQ,0.001729688309100136,0.03401266271789605,0.9555749566768139,60.0,0.003162379584294894,0.014471108208729226,41,41,0.0,0.00032936276939346293,0.04282856576370726,1588.5117600416397
H1_ISI_BS_ST2_BLND_RX_GS13_CUR_IN1_DQ,0.003647328520746633,0.03884063714454302,0.9569167301939753,180.0,0.0031521111792324062,0.008418410448509588,41,41,0.0,2.1841503135844466e-05,1.2965487500341268,9.307973974751704
H1_HPI_ETMY_BLND_L4C_RY_IN1_DQ,0.0005640096201018828,0.0034094711647286342,0.08785003222149222,120.0,0.0031283601223004312,0.013686827033732158,41,41,0.0,0.00079554108989923,176.84947454897346,177.01029717781446
H1_ASC_REFL_B_RF9_Q_PIT_OUT_DQ,0.0006991630099841332,0.005201562201593285,0.18979827636080648,20.0,0.0030676024065680618,0.004251229626166363,41,41,0.0,-0.00019732898353193136,411.8089764054048,1076.538233331596
H1_ASC_AS_B_RF36_I_PIT_OUT_DQ,0.003159340370386122,0.03961889099293325,0.933975251768122,60.0,0.003057102590597292,0.0041450808654675,41,41,0.0,4.7692583936222215e-05,2733.9141380739256,53736.2941474182
H1_PEM_EX_SEIS_VEA_FLOOR_Z_DQ,0.0005485032437031952,0.0033013483160263977,0.08803795468739106,120.0,0.003050109387215822,0.013741971748809041,41,41,0.0,0.0025963584226094843,143.9159449276065,1052.1403436707824
H1_SUS_PR3_M1_DAMP_R_IN1_DQ,0.00140817816228861,0.02678769683968398,0.8566028704247856,60.0,0.0029912237021414738,0.013122766718835622,41,41,0.0,0.00045100664617779557,0.020747733725264866,426.8371688753112
H1_PEM_EX_EFM_BSC9_ETMX_X_OUT_DQ,0.004005245435366562,0.050966968156814896,0.9926495491014643,60.0,0.002855161505918755,0.012901212551212375,41,41,0.0,0.01004199366670742,1.993457549924496,62.31934287506902
H1_LSC_MOD_RF45_AM_CTRL_OUT_DQ,0.0044352144500735815,0.05347359983907102,0.9862192268927343,60.0,0.0028199878523237623,0.01168881027029246,41,41,0.0,-2.36420980096911e-05,0.0007348287306589435,3.701316180453892
H1_SUS_ITMY_L1_WIT_L_DQ,0.0015674685721094007,0.029856914050776378,0.9023208357863969,60.0,0.0027642930085018135,0.012465405259703063,41,41,0.0,6.197342770043056e-05,0.0038775232889973065,19.280747485686
H1_PSL_ILS_HV_MON_OUT_DQ,0.0036407202856485253,0.05070396723513508,0.9884528673082386,60.0,0.0027155541901638675,0.011844310347321963,41,41,0.0,-6.120515803998245e-06,2.1451733252353904e-05,0.27280916125266597
H1_PEM_CS_LOWFMIC_LVEA_VERTEX_DQ,0.001855762019350437,0.036895761526855544,0.9853238411717368,60.0,0.002694324560921364,0.00571545150351799,41,41,0.0,-0.0012360258859024189,0.08451943191298837,0.7851017461942128
H1_PEM_MX_SEIS_VEA_FLOOR_Z_DQ,0.0005148680924894818,0.0029674020254643906,0.07850045439500812,120.0,0.002692288128212443,0.01217972675602264,41,41,0.0,0.0034923028173720464,3.3873035468129604,54.477187097428114
H1_PEM_VAULT_SEIS_1030X195Y_STS2_Z_DQ,0.00046384331734131726,0.002634327492145717,0.07918796806539213,120.0,0.0025377990242772775,0.012221347649521978,41,41,0.0,0.0001298898709603111,194.77219097143163,1388.9830632606056
H1_SUS_FC2_M1_DAMP_V_IN1_DQ,0.0009980158664277922,0.01720253296886115,0.6323982549984496,60.0,0.002412651178644757,0.011162122670339232,41,41,0.0,8.967657022421709e-06,0.011049423368686523,448.117197799797
H1_PEM_EY_SEIS_VEA_FLOOR_X_DQ,0.000765312165804599,0.010499948836722024,0.427102781054694,60.0,0.002350067639260513,0.010151281192811168,41,41,0.0,-0.0017892774701796926,52.70546014398827,453.8189111539308
H1_ISI_ETMX_ST2_BLND_RX_GS13_CUR_IN1_DQ,0.0026465858574467927,0.0386198847675564,0.9536001470818928,180.0,0.0023325579133168157,0.010569069506734537,41,41,0.0,0.009246743708800534,4.29381540171233,4.480238572839298
H1_ISI_ITMY_ST1_BLND_X_T240_CUR_IN1_DQ,0.002324875587234246,0.038463744604494865,0.9871787638907595,60.0,0.002264094022579209,0.006578344744475512,41,41,0.0,2.3085250491048747e-06,1574.383427115011,1603.390013501804
H1_ASC_Y_TR_B_YAW_OUT_DQ,0.002000474451292519,0.029578181607718343,0.7608458843238719,180.0,0.0022433041192373663,0.009871188570679255,41,41,0.0,0.0004257029271507862,0.0029552930780364236,0.003007826727344462
H1_PEM_CS_RADIO_LVEA_NARROWBAND_1_DQ,0.0027186716147665872,0.04160466479748628,0.9343181748283336,180.0,0.002190588175909123,0.009900473978014475,41,41,0.0,0.00015664977714531934,0.7889052360687261,26.22014702187286
H1_ASC_DHARD_Y_OUT_DQ,0.005255443441718237,0.038599296953398386,0.582235602624144,9.5,0.00217061934735748,0.0033058731702688103,41,41,0.0,0.0066861513698442164,174.3444494441889,174.34524055399493
H1_ISI_HAM8_BLND_GS13RZ_IN1_DQ,0.003352202324218479,0.044688301816443315,0.9923716836304742,60.0,0.002142043479225721,0.009400088363066592,41,41,0.0,0.00012477229972852397,1.3131279727922556,1.3548874389649106
H1_ASC_Y_TR_A_PIT_OUT_DQ,0.001437883143866137,0.019836090749845218,0.5961988033378444,60.0,0.0021005148308658687,0.009218797763250504,41,41,0.0,0.0003545377065659466,0.0026249286266336685,0.27395751946211694
H1_ISI_BS_ST2_BLND_RY_GS13_CUR_IN1_DQ,0.003227955851543959,0.0363568128315704,0.9573294213890093,180.0,0.002054299721087806,0.0031897385622216214,41,41,0.0,0.0008074135908923353,1.3595202899230434,8.605406313688484
H1_SQZ_OPO_TRANS_LF_OUT_DQ,0.000548988348268682,0.003574221981048811,0.12434607454000027,60.0,0.0019986518822847628,0.008652299253755855,41,41,0.0,-0.00016259661727282111,0.0013567590144825763,80.56330946038852
H1_ASC_AS_A_RF72_Q_SUM_OUT_DQ,0.004476698997477608,0.0532683412107145,0.9886425558491573,60.0,0.0019612951701233465,0.008795124622184639,41,41,0.0,-0.00016921359979227746,0.7369186351440505,199.46148220168857
H1_PEM_EY_SEIS_VEA_FLOOR_Z_DQ,0.0003826273459379615,0.0013557556330708856,0.05485417584756768,120.0,0.0019488673932022773,0.008534866567985997,41,41,0.0,-0.0002468426460637274,49.4961913467335,51.18633311977774
H1_ISI_ITMX_ST2_BLND_X_GS13_CUR_IN1_DQ,0.0022140254831464704,0.034473368947014985,0.9566948688224071,180.0,0.0019222907725560889,0.005098520175276846,41,41,0.0,-0.0001481832993545441,0.908212317214856,3.7517403362563178
H1_SUS_FC2_M1_DAMP_L_IN1_DQ,0.0009551518244494877,0.016004366424753346,0.6006693272690901,60.0,0.0018988225447825959,0.008766013159669555,41,41,0.0,2.4255141028182826e-05,0.15886574863897948,348.77267006409744
H1_IMC_IM4_TRANS_SUM_OUT_DQ,0.0034403551982608665,0.05058987657410861,0.9903848575752391,60.0,0.0018251810634122903,0.004266441257559333,41,41,0.0,4.220576456320759e-05,0.001011891694979569,12.454776353919476
H1_ISI_ITMY_ST2_BLND_Y_GS13_CUR_IN1_DQ,0.002766841104763947,0.03799628353943137,0.9319149300475529,180.0,0.001803033215559153,0.007812945436990928,41,41,0.0,0.00011157649573657313,0.9788989083017056,1.3816979782422008
H1_ASC_DSOFT_Y_OUT_DQ,0.0007062983336112872,0.007422627139207748,0.2842738945084419,60.0,0.0017305323511589688,0.007239375357055344,41,41,0.0,-3.292128929538937e-05,18.462145241266192,18.462145754088304
H1_SUS_ITMX_L2_WIT_P_DQ,0.0012663377713945576,0.024028640622396277,0.8084435572559951,60.0,0.0017163396385996986,0.002670106608681584,41,41,0.0,0.0006173388066025723,0.02547416894918727,734.4093632254423
H1_SUS_IM1_M1_DAMP_L_IN1_DQ,0.0013090475343303454,0.023576111126107843,0.8007980216674898,60.0,0.0017001194582141352,0.007341661308271696,41,41,0.0,4.921765639965404e-05,0.0024297292524987106,55.15332163830643
H1_ISI_ITMY_ST2_BLND_RY_GS13_CUR_IN1_DQ,0.0032080402116561584,0.044677200896501734,0.9292400940701125,180.0,0.0016797757858519292,0.0065845216637394855,41,41,0.0,7.291068203841456e-05,0.5029399975126141,5.740705926841019
H1_SUS_FC2_M1_DAMP_Y_IN1_DQ,0.0008085241497578738,0.011940828214010766,0.46791170348224537,60.0,0.0016751278138016253,0.007443400581853327,41,41,0.0,-1.1205994532685486e-05,0.08283694430226919,58.712985935619244
H1_SUS_FC1_M1_DAMP_Y_IN1_DQ,0.0007112181883412579,0.008040431236494557,0.31894327757617563,60.0,0.0016440206268301212,0.006843438017853586,41,41,0.0,4.2866315035026745e-05,0.019103276272142363,82.88734401782563
H1_PEM_EX_EFM_BSC9_ETMX_Y_OUT_DQ,0.002911561447646533,0.03882015918463601,0.985195304679872,60.0,0.0016261228991235133,0.006794445007390114,41,41,0.0,-0.013304365208966424,0.8633215976915299,130.20475507765525
H1_SQZ_OMC_TRANS_RF3_Q_NORM_DQ,0.0006643756090149342,0.0009149430398328601,0.029810345307814907,120.0,0.0016260143032027971,0.00472349025118107,41,41,0.0,-0.003765965862012404,0.0027090247827556923,0.23858313003049064
H1_SUS_FC1_M1_DAMP_P_IN1_DQ,0.0004347503768886182,0.0018161743492638724,0.052664929295378096,960.0,0.0016086501589293565,0.006943190610030464,41,41,0.0,-0.0015013620871123516,0.03872422258013691,824.169210698365
H1_SUS_ITMY_L1_WIT_Y_DQ,0.0013603191424870057,0.026291997257632326,0.8503661318773572,60.0,0.001604983312588099,0.006413225867795976,41,41,0.0,-0.0002543844468255228,0.028057435414261894,920.1701054354579
H1_ASC_Y_TR_A_YAW_OUT_DQ,0.0013000654813670506,0.017001023117663504,0.4786049755069582,60.0,0.0015946377217700134,0.006999460095948331,41,41,0.0,0.0008279497405716113,0.002290925250825778,0.10854168236172039
H1_SUS_FC1_M3_WIT_L_DQ,0.0008220555670842259,0.011371159860198758,0.45059090324725964,60.0,0.0015609924585580299,0.006880305853770169,41,41,0.0,-4.5593383950922246e-05,0.022984198346390084,5.243886614580592
H1_SUS_ETMY_L3_OPLEV_YAW_OUT_DQ,0.00041088994896062503,0.0014630479832329355,0.04016076117969812,960.0,0.0015439602132697424,0.00619684051197055,41,41,0.0,-0.00020541678445901658,0.06029303043556827,14.043851260339256
H1_SUS_IM1_M1_DAMP_Y_IN1_DQ,0.0013719501243463028,0.026269704521415242,0.8467732810387597,60.0,0.001525519035972251,0.006971768353906088,41,41,0.0,0.0029228489224940274,0.03065938138218316,713.3810431170856
H1_SUS_FC1_M2_WIT_L_DQ,0.0006899716631142346,0.009010462676907296,0.3630074937869614,60.0,0.0014672361307680824,0.005309895496065425,41,41,0.0,5.003304868765556e-05,0.012205567079050753,14.180262732255878
H1_SUS_ITMX_L2_WIT_Y_DQ,0.0010390202333721858,0.017984860016096317,0.6641597878255824,60.0,0.0014589951856638775,0.0019406463241517966,41,41,0.0,-0.0001263238316853263,0.02509245905458026,205.33879242785954
H1_SUS_SR2_M3_WIT_L_DQ,0.001214394738639786,0.022498918700284,0.7739656009321693,60.0,0.001439417435036253,0.0051907657957440245,41,41,0.0,-8.598235602711121e-06,0.009993737490288082,90.50832422069946
H1_SUS_ZM6_M1_DAMP_L_IN1_DQ,0.0007148855053377887,0.007771174766129934,0.3071099045743265,60.0,0.0014231532119141884,0.00244698161071347,41,41,0.0,0.0005327071752124328,0.0029322382940539207,1.7873211515094913
H1_ASC_X_TR_A_PIT_OUT_DQ,0.0016635552964303294,0.023902957348450618,0.6483371852213855,60.0,0.001392271484653265,0.005940309116394447,41,41,0.0,4.8577070975793764e-05,0.0024614326380695104,0.11381744390561041
H1_PEM_EY_ADC_0_12_OUT_DQ,0.0006128855726145027,0.00442577376913415,0.15368696961863298,180.0,0.0013185250127988241,0.004587713550671287,41,41,0.0,-0.0008739531769108785,25.37930306067477,57.25167419954283
H1_SUS_IM2_M1_DAMP_L_IN1_DQ,0.0005866281429655072,0.005583838619314307,0.22936672795862284,60.0,0.0012911346965075218,0.004874495665014744,41,41,0.0,-0.00010049262588265907,0.0019751573738905244,106.09828950901883
H1_PEM_FCES_ACC_BEAMTUBE_FCTUBE_X_DQ,0.0005878185062331917,0.006189411598195892,0.25178293054095335,60.0,0.0012411237596758433,0.005326306645973209,41,41,0.0,0.00033730202496523994,3.491490507993359,5.4227964065841245
H1_ASC_AS_B_RF72_I_SUM_OUT_DQ,0.0035113221975035247,0.048757314944629086,0.9728734546777738,60.0,0.001240017318896159,0.003921310705342072,41,41,0.0,-0.00019041900048643922,1.2131948721385692,674.2194692502328
H1_ISI_ETMX_ST1_BLND_Z_T240_CUR_IN1_DQ,0.002000523281910335,0.03765187083645039,0.9902174014641396,60.0,0.0012304118066467995,0.004910469676554138,41,41,0.0,-5.334763275623188e-05,31.698749808999814,81.7388826420586
H1_SUS_MC3_M1_DAMP_L_IN1_DQ,0.0007101469997554655,0.007481069763826877,0.28053500589303015,60.0,0.0012273934878391504,0.004944307323720864,41,41,0.0,-1.545291339452473e-05,0.003410369752162879,14.104632790206818
H1_SUS_ZM5_M1_DAMP_L_IN1_DQ,0.0007725749141245635,0.009429815892080367,0.3410999391258468,60.0,0.0012209078245213562,0.0020157183333572187,41,41,0.0,1.9352301469891206e-05,0.003058448178965224,47.0992241909333
H1_SUS_ZM4_M1_DAMP_L_IN1_DQ,0.0007346901686860946,0.008998607476328212,0.3263129762459143,60.0,0.001217231054872004,0.002016517287211264,41,41,0.0,-1.530354733409689e-05,0.002668963003460378,42.112392508866115
H1_SUS_PR2_M2_WIT_P_DQ,0.0008037778895923348,0.012246714731668,0.48626134315233865,60.0,0.0012142002883040884,0.004435935181826074,41,41,0.0,-0.0001306966927176799,0.08376718241723811,983.3735590483606
H1_SUS_PRM_M2_WIT_L_DQ,0.0009086471916072385,0.012656557526278575,0.48911852782911663,60.0,0.001186905095618977,0.005180567044775184,41,41,0.0,2.9301477838439874e-05,0.1904641300959103,4.270536744837071
H1_SUS_IM1_M1_DAMP_P_IN1_DQ,0.0012827873803062,0.024330362847374325,0.815987679645315,60.0,0.0011707120347336393,0.0038842661691579346,41,41,0.0,4.7050777039692076e-05,0.030255607764883077,3022.895263815409
H1_SUS_SR2_M2_WIT_P_DQ,0.0010289497046948504,0.017444935074491463,0.6534170508672673,60.0,0.001135215746076288,0.00298687943263605,41,41,0.0,-0.0002227976842345659,0.03960185199751673,57.55203719481712
H1_SUS_PR3_M2_WIT_L_DQ,0.0012848840957613785,0.02172819558775137,0.7511037721629131,60.0,0.0011329081509174237,0.0036258183899791833,41,41,0.0,-0.00042023376192362245,0.005346044533669618,7.8306701154574485
H1_PSL_BES_A_SUM_OUT_DQ,0.0007215091667329352,0.009964278506655667,0.38985426164903597,60.0,0.0011271621593756638,0.0038869283449693226,41,41,0.0,-1.3735436357898695e-05,43.39148136683427,68535.74912567672
H1_SUS_MC2_M2_WIT_P_DQ,0.000991256947319057,0.01599023373859529,0.6012076813955463,60.0,0.0010772914698147882,0.004224969588425912,41,41,0.0,0.00022281518058033333,0.13254630545420518,238.53664265728798
H1_SUS_SR3_M3_OPLEV_SUM_OUT_DQ,0.0005248388123812475,0.005101555540544433,0.21138390895476206,60.0,0.0010616779721409752,0.0012958979658807303,41,41,0.0,-2.1593693080699848e-05,5.835032769042947,24612.24092685879
H1_ISI_BS_ST2_BLND_Y_GS13_CUR_IN1_DQ,0.002486911353839866,0.03465326608030516,0.9480915204103506,180.0,0.0010466537042646334,0.0012341187436881575,41,41,0.0,0.0002710899803450559,2.171724972686958,6.728002705334175
H1_SUS_ETMY_L1_WIT_L_DQ,0.0008981874863798653,0.014105167595923484,0.5484062492380082,60.0,0.0010371155295963387,0.0036096178746357938,41,41,0.0,-1.8244255723336194e-05,0.14701691676659454,21.58689653297175
H1_PEM_CS_RADIO_ROOF1_BROADBAND_DQ,0.0003567680159245076,0.0007141010458903361,0.026119947007571833,120.0,0.001030266112768567,0.0040449965935616524,41,41,0.0,-3.4838796777735784e-05,24.142727749131982,24.14802775185858
H1_SUS_FC2_M1_DAMP_P_IN1_DQ,0.0005051428101353759,0.004370906820813515,0.1807031036409349,60.0,0.0010163211744329149,0.0037485052299320158,41,41,0.0,-6.65502371134309e-05,0.08428306494099815,1427.9254989623919
H1_SUS_MC3_M1_DAMP_V_IN1_DQ,0.0006671164247710966,0.007238873762932152,0.2831763373434065,60.0,0.0010055921442517568,0.0036308478683823196,41,41,0.0,-2.289025328221499e-05,0.02679720994334101,67.09275081204342
H1_SUS_SRM_M1_DAMP_L_IN1_DQ,0.0012646146794387967,0.022644195259429848,0.7798481127170804,60.0,0.0009780272678964917,0.0029709409686925637,41,41,0.0,-2.735696226381763e-05,0.13088353061594807,13.100055005415205
H1_ISI_ETMX_ST1_BLND_RZ_T240_CUR_IN1_DQ,0.0017104058712702056,0.028938454595503878,0.8821181216304432,60.0,0.0009715405605566376,0.0026280967341705567,41,41,0.0,-0.00023953766263260068,9.151580474141722,122.5599296458229
H1_ASC_CSOFT_P_OUT_DQ,0.0016237220653615143,0.017284798778849562,0.43028173078684434,9.0,0.0009667300520940201,0.00300595762085531,41,41,0.0,-0.01092285607447432,180.75909634500945,180.75909648931557
H1_SQZ_OPO_SERVO_SLOW_OUT_DQ,0.0035943844780256754,0.05005241988147781,0.9844236323961233,60.0,0.0009646171427309288,0.0029243518976323373,41,41,0.0,6.500837624700188e-06,0.006600223387738209,0.38608982781443374
H1_SUS_ETMY_M0_DAMP_T_IN1_DQ,0.000638438433005033,0.00866216793428213,0.3547455852654948,60.0,0.0009620619076493034,0.0035236023032810685,41,41,0.0,0.0002681284370825444,0.006117334046769329,72.69294510177568
H1_ISI_ITMY_ST2_BLND_X_GS13_CUR_IN1_DQ,0.0020739392900109813,0.02779733397581041,0.8090470320738302,180.0,0.0009618036213777741,0.003515916605436106,41,41,0.0,-4.161037705783748e-05,1.1424247709979447,2.887288624120345
H1_SUS_RM1_M1_DAMP_L_IN1_DQ,0.0008501149744698088,0.009155725695568028,0.28109968562457105,60.0,0.0009418838523608578,0.0026600755606738416,41,41,0.0,3.185347741507911e-05,0.004946112714831502,39.226380977262004
H1_ASC_REFL_A_DC_PIT_OUT_DQ,0.00046413628755809217,0.002677019680741451,0.1037078612382122,20.0,0.0009313101120524429,0.0011735957557131823,41,41,0.0,0.00032751718053444773,0.003467370549991519,0.0034707644706561853
H1_ASC_REFL_B_DC_YAW_OUT_DQ,0.00042265350529352094,0.0012762240316434713,0.03355785628443789,3.0,0.0009227472096274863,0.000995719595585181,41,41,0.0,-0.0008494103384984127,0.009052602641316883,0.009052613968697982
H1_SUS_ITMY_L1_WIT_P_DQ,0.001249979666149446,0.022733664980194284,0.7816971430353359,60.0,0.0008977034699404133,0.0034600131614129785,41,41,0.0,-0.0007466122493888804,0.020334785323807985,416.93555754698997
H1_SUS_SR2_M2_WIT_L_DQ,0.0009131580815842934,0.015239383183815562,0.5842472677612793,60.0,0.0008908319526551896,0.0024714109554051663,41,41,0.0,0.0001684495534231337,0.007292579689266044,79.98897585533906
H1_SUS_PRM_M1_DAMP_V_IN1_DQ,0.00045798000929903266,0.0020423661289900178,0.06610524900582412,60.0,0.0008852038028292033,0.002595939295591683,41,41,0.0,-2.638250934347959e-05,0.019671498363896176,45.69239849118998
H1_ISI_ETMX_ST1_BLND_RX_T240_CUR_IN1_DQ,0.0019601193526283906,0.03747274574954634,0.9890532055364372,60.0,0.0008688330343045021,0.003739631670563912,41,41,0.0,0.00022504992136956949,25.90081981002875,186.3987797817755
H1_SUS_OMC_M1_DAMP_L_IN1_DQ,0.0004150169056449781,0.0016060164227800567,0.0695706020821644,60.0,0.0008631575323577066,0.0012335645458515742,41,41,0.0,-3.0273746139191258e-06,0.04522871181263034,118.03321433346393
H1_SUS_ITMX_M0_DAMP_L_IN1_DQ,0.0006822065935347314,0.00827188359169958,0.33541912496776133,60.0,0.0008607138362383653,0.0021317585574819396,41,41,0.0,0.0018230837620740715,0.0037587295542883957,78.4392523074436
H1_SUS_BS_M2_WIT_L_DQ,0.0013554052192902408,0.019244950213686645,0.6934377495854007,60.0,0.000853878021970966,0.00242847782274007,41,41,0.0,-1.3011133961908185e-06,0.08464082301514465,3.655745494739514
H1_SUS_SR2_M3_WIT_Y_DQ,0.001028403461949594,0.017379183852912844,0.6419511351898564,60.0,0.0008287538707761233,0.0025529379696650183,41,41,0.0,0.00021785294774219263,0.07398701829579032,148.18322057628686
H1_ISI_ETMX_ST2_BLND_X_GS13_CUR_IN1_DQ,0.0019606509966053664,0.03286971679093291,0.9383518986118892,180.0,0.0008136453218163576,0.002274593130632407,41,41,0.0,0.00013745221146715264,1.238589116982103,1.8920971135888924
H1_SUS_MC1_M1_DAMP_V_IN1_DQ,0.0005829228824673603,0.005261738594469139,0.20746839223314786,60.0,0.0008132242742861905,0.002398973970963497,41,41,0.0,-5.5431362253859754e-05,0.023175735488793873,97.69025187617929
H1_ISI_ETMY_ST1_BLND_Z_T240_CUR_IN1_DQ,0.0017633979801265811,0.03672722845897205,0.985345701800798,60.0,0.0007994383422526192,0.0027208700204229956,41,41,0.0,0.00012619725670475585,41.003325012195674,46.059994393869566
H1_SUS_ITMX_L1_WIT_L_DQ,0.0006728810298307857,0.008367396104740382,0.33973606869520084,60.0,0.0007866626475166628,0.0027698350508364106,41,41,0.0,-0.0008523709696698401,0.0014545975160199253,21.87511766885416
H1_SUS_ZM2_M1_DAMP_L_IN1_DQ,0.0005915884941121606,0.00546658282967965,0.23482942612586788,30.0,0.0007838450611699252,0.0016731737760263617,41,41,0.0,-0.00016009409658388025,0.0027530819380342394,18.119517853438253
H1_SUS_TMSX_M1_DAMP_T_IN1_DQ,0.0008584821539044641,0.013913866053080749,0.5414732735803943,60.0,0.0007743858503079904,0.0025785234618465607,41,41,0.0,-0.00010725908677955012,0.004798043350002067,123.78125263568771
H1_SUS_MC2_M3_WIT_L_DQ,0.0007573124386539028,0.010370508550625927,0.41461685513779667,60.0,0.0007737545473518242,0.0010612791866916604,41,41,0.0,1.7052965024926877e-05,0.09097289135929361,5.432762371761719
H1_ASC_PRC2_Y_OUT_DQ,0.0003686391207372977,0.0004332912272882467,0.006678695152684449,3.5,0.0007725539884122503,0.0008874475163012715,41,41,0.0,3.6847140152862944e-06,51.30087425819328,51.30095143020173
H1_SUS_SR2_M3_WIT_P_DQ,0.0010253229470672945,0.017046085588853503,0.6331953638024621,60.0,0.0007687404993086484,0.0022897640630785833,41,41,0.0,4.114808986240035e-05,0.04444872808114695,269.7435441147667
H1_IMC_PWR_IN_OUT_DQ,0.0007383576648549803,0.01006281688936857,0.40329461108315917,60.0,0.0007591461872661349,0.0007629655124264767,41,41,0.0,-2.3702611473156862e-05,0.006427968734823517,60.182885421837355
H1_SQZ_CLF_REFL_LF_OUT_DQ,0.0016790871709456401,0.022199815047298954,0.7554830192992309,180.0,0.0007573115852392003,0.0020528960718685665,41,41,0.0,2.4438394496991777e-05,2.521330722878858e-06,0.005747119791502856
H1_SUS_OFI_M1_DAMP_Y_IN1_DQ,0.0005998502755297105,0.006883090882552014,0.2911047475344833,60.0,0.0007521718389915726,0.0012450266739752333,41,41,0.0,-1.7419052161411106e-05,0.015605323462160323,73.05362359383653
H1_ISI_ETMX_ST1_BLND_RY_T240_CUR_IN1_DQ,0.0018514773299034908,0.03697506122203646,0.9853697888450141,60.0,0.0007482685057853719,0.0025741220619094787,41,41,0.0,0.00030423538491922744,17.063169720535683,321.5530526629217
H1_PEM_MY_SEIS_VEA_FLOOR_Z_DQ,0.00037332661230828773,0.0010839869259823096,0.04115692678849386,960.0,0.0007354762347042467,0.0016614889780502038,41,41,0.0,-0.0011352760379588647,221.00968922768,1398.2599118505184
H1_SUS_ITMY_M0_DAMP_L_IN1_DQ,0.0006231028974796388,0.00645173316879191,0.260145375826514,60.0,0.0007351363557008226,0.0024998971889353037,41,41,0.0,-0.0003686129968273455,0.010649501032245155,19.41896158438547
H1_SUS_MC1_M2_WIT_L_DQ,0.0007377516136646665,0.009627145571562877,0.38719122356611496,60.0,0.0007289514431306428,0.0022370079674109075,41,41,0.0,-2.7018179795174054e-05,0.004408117698913499,32.81614841866714
H1_ASC_AS_B_RF42_YAW_OUT_DQ,0.0003957132161727156,0.0004440896266986211,0.0070542526785705075,120.0,0.0007283313559164192,0.0011255194856711137,41,41,0.0,-0.00017132020528538215,0.02381372011411352,0.023813720143804337
H1_SUS_ZM1_M1_DAMP_L_IN1_DQ,0.0005309777316064293,0.004043500807769472,0.1737076090811989,30.0,0.0007275284799884524,0.0010562524844139325,41,41,0.0,-7.272735591603916e-05,0.0015462726533213404,33.59307991928994
H1_SUS_MC1_M3_WIT_Y_DQ,0.0006800289846793065,0.009060150938580435,0.3645773933178607,60.0,0.0007205830715471893,0.0020552814092792745,41,41,0.0,0.0012118207588702357,0.02904218544462695,1014.1352746617058
H1_SUS_ETMX_M0_DAMP_R_IN1_DQ,0.0005908093505882334,0.00630522164259394,0.26201005814536166,60.0,0.0007159890078640355,0.0014416229965023822,41,41,0.0,-0.002906259879320866,0.009966600613043107,179.97571336836222
H1_ISI_ITMY_ST2_BLND_RX_GS13_CUR_IN1_DQ,0.002275377834537934,0.02850630647225769,0.8194634343049404,60.0,0.0007105382933734327,0.0012100037852231774,41,41,0.0,-0.0005754921285727446,0.5215538642357734,6.664015718665611
H1_SUS_FC2_M3_WIT_L_DQ,0.0018005272164982218,0.037072796783686746,0.9873274960654944,60.0,0.0007090313705529274,0.0016213221755292336,41,41,0.0,1.8740548740304223e-05,0.2501756933102618,87.82091551923796
H1_SUS_ETMX_M0_DAMP_L_IN1_DQ,0.0006716130712372231,0.006455748325145916,0.24658877200171542,60.0,0.0007026574760905381,0.0008825856576273619,41,41,0.0,3.285253894719401e-05,0.1725500148345405,27.024179744366073
H1_SUS_PRM_M3_WIT_L_DQ,0.0005793431808526101,0.006136726638221556,0.25179718563409387,60.0,0.0006999845717216717,0.0015125637254249683,41,41,0.0,2.239695754112796e-05,0.13914229417976454,75.68527041959932
H1_PEM_FCES_ACC_VEA_FLOOR_Z_DQ,0.00035069015546748623,0.0005303868641340964,0.014898367402241514,60.0,0.0006962164011723072,0.001613449882157469,41,41,0.0,0.00025177183808875413,0.13154567652853247,0.7798686103181011
H1_SUS_MC3_M2_WIT_L_DQ,0.00042675818571317033,0.001687306073194009,0.06490419149696977,20.0,0.0006925222993699464,0.0010174772382443005,41,41,0.0,0.00016713565730339466,0.0041052204654493055,58.25793598662661
H1_SUS_SR2_M2_WIT_Y_DQ,0.0010067175691143816,0.01681642861038756,0.6327534868677259,60.0,0.0006892060289799212,0.002083230390732943,41,41,0.0,0.00039088374362878736,0.07282374023481306,592.0801029483106
H1_SUS_MC1_M1_DAMP_L_IN1_DQ,0.0005474824592906934,0.0047663643039172095,0.1787533076620928,60.0,0.0006866822391456753,0.0022411644938100444,41,41,0.0,8.121567478921683e-05,0.0026734856498774424,60.405783392669605
H1_SUS_ETMY_L2_WIT_L_DQ,0.000472779145815383,0.003635248069478545,0.15110397164500372,60.0,0.0006800700811792193,0.0012572554454837726,41,41,0.0,-1.0975737055612804e-05,0.16651914377300644,21.88278041579445
H1_PEM_EY_MIC_EBAY_RACKS_DQ,0.0003963755707000512,0.0012672287638765317,0.04729447242550441,60.0,0.0006726694790494368,0.001720732641062694,41,41,0.0,0.00016991602943223266,5420.988153741598,6107.486936679532
H1_SUS_MC3_M1_DAMP_T_IN1_DQ,0.0004401737892850781,0.001857125747383378,0.05345445226553291,20.0,0.0006724668841985155,0.0008847593840254297,41,41,0.0,-1.9261379302657558e-05,0.003214122173326154,13.737938621187608
H1_SUS_FC2_M2_WIT_L_DQ,0.0003836306362660823,0.0012640228591796379,0.050729418841627655,60.0,0.0006683485253376421,0.0016969570614153017,41,41,0.0,2.6992764303244227e-05,0.21058504084571197,28.9272477669261
H1_SUS_SRM_M3_WIT_L_DQ,0.0008466216098749101,0.01378595292534507,0.536910408930911,60.0,0.000658922714163798,0.001293818519785537,41,41,0.0,1.1217029533158349e-06,0.2631516980953216,27.412559323663395
H1_SUS_MC3_M1_DAMP_Y_IN1_DQ,0.0004940597490470349,0.003241706296952454,0.12357015465534206,60.0,0.0006585049887060693,0.001799391758373871,41,41,0.0,0.00017004607828314275,0.015764381129288543,169.5633603091537
H1_SUS_ETMX_L2_WIT_Y_DQ,0.0003948768680731811,0.0012749624299103312,0.04974408447180318,60.0,0.000650807333683305,0.0005874707054522542,41,41,0.0,1.9565870763852553e-05,0.21655485885048414,790.3604015650429
H1_SUS_ZM3_M1_DAMP_P_IN1_DQ,0.0005086158796349135,0.0027267917388852673,0.0937667739493665,30.0,0.000641814261112522,0.001081419877221307,41,41,0.0,0.0004334602648637857,0.023767616206562765,7.778606009500438
H1_SUS_SRM_M1_DAMP_T_IN1_DQ,0.0008313279996478035,0.014210740958630204,0.5504888384529019,60.0,0.0006407218239297118,0.0010374933677784056,41,41,0.0,-6.188872191953552e-05,0.006334964816158983,29.607794484950524
H1_SUS_ITMX_M0_DAMP_V_IN1_DQ,0.00049401059199899,0.004242435903331358,0.18013055814182624,60.0,0.0006355111038334152,0.0015053342694341632,41,41,0.0,2.6134554026682466e-06,0.01948164000034254,36.03534589312925
H1_SUS_SR3_M2_WIT_L_DQ,0.0006931895268379722,0.008580763411372015,0.34562277216927495,60.0,0.0006257905221047837,0.000639807629915134,41,41,0.0,-4.26709887748762e-05,0.01621167979104987,46.86174927488448
H1_SUS_IM4_M1_DAMP_L_IN1_DQ,0.0005341769305429823,0.0048833530700356995,0.19700734574861076,60.0,0.0006246435358067537,0.0013318281232422525,41,41,0.0,-0.00011918668204866609,0.002442864161967543,39.449204838610676
H1_ASC_AS_A_RF36_I_YAW_OUT_DQ,0.0011699424912060203,0.017976779268239738,0.6481350015005981,60.0,0.0006234608686229573,0.0007323694541932817,41,41,0.0,-0.0001149255393257621,1821.1389488537072,3837.626303828489
H1_SUS_MC3_M1_DAMP_P_IN1_DQ,0.00043021566025891987,0.0016869384990315173,0.049839613613218224,960.0,0.0006234143191573528,0.001933675901939348,41,41,0.0,0.00015120164657333882,0.06299432763116342,386.0673167419561
H1_ASC_AS_A_RF36_Q_YAW_OUT_DQ,0.0013373928890918257,0.01658479400914288,0.3944846340621104,32.5,0.0006157082949925337,0.0007970208546103384,41,41,0.0,5.428393720222909e-06,4356.531940715883,4356.5320200019405
H1_ASC_AS_A_RF72_I_SUM_OUT_DQ,0.0036215929538504004,0.04904471174867111,0.9736123716723183,60.0,0.0006125864298632532,0.0018234184252311542,41,41,0.0,2.10713810390115e-05,0.8636941851433132,538.5490126253134
H1_SUS_ITMY_M0_DAMP_V_IN1_DQ,0.0005805507384464968,0.007095852462912399,0.29100132321211963,60.0,0.0006105609275007137,0.001985981016735046,41,41,0.0,-4.947571773498208e-05,0.02399033316355269,90.85964519600401
H1_SUS_ITMY_M0_DAMP_T_IN1_DQ,0.0004642536844005355,0.002596490884254326,0.09303744605067496,60.0,0.0006066034271615638,0.0016392206454071538,41,41,0.0,-0.000243608995594621,0.0035286857590464964,9.4165621058975
H1_SQZ_ASC_POS_Y_OUT_DQ,0.00038566209443669766,0.0010985215048538487,0.04272520968947014,960.0,0.0006038828374337337,0.0009229378006201149,41,41,0.0,5.306936558323765e-05,0.3965768715108587,8.54359256685636
H1_SUS_ZM1_M1_DAMP_Y_IN1_DQ,0.000368093379235446,0.00042160851903379806,0.008046751424864882,30.0,0.0006015636724982031,0.0005300773070312701,41,41,0.0,-9.95959808706967e-05,0.016478318293992638,373.2089542199788
H1_SUS_ETMY_M0_DAMP_V_IN1_DQ,0.0004506620688202906,0.002747485110364181,0.11451406416918476,60.0,0.0005940896048461285,0.0014646619471178706,41,41,0.0,0.0004735962027633823,0.0014562061526262639,97.30943045340135
H1_SUS_ETMX_M0_DAMP_P_IN1_DQ,0.0006184982427510211,0.004551593566512661,0.16582635055625125,60.0,0.0005928726967856364,0.0008910959874956876,41,41,0.0,-0.0013925784432127731,0.2203349145674953,589.360006202827
H1_ASC_REFL_A_DC_YAW_OUT_DQ,0.0005229703206826399,0.0022645880078924823,0.07556716755894811,180.0,0.0005906309757623559,0.0005424442920828227,41,41,0.0,0.0006568197970212617,0.004907768277569807,0.0049077693236818124
H1_SUS_PR3_M1_DAMP_L_IN1_DQ,0.0006632788150363686,0.005865159444822217,0.16785948949013424,60.0,0.0005769043379745442,0.0010088183301420722,41,41,0.0,-0.0006686602158783986,0.0032912869932617632,49.787771969989144
H1_SUS_TMSY_M1_DAMP_L_IN1_DQ,0.00037543831249431506,0.0006658683674890685,0.024495002317593245,60.0,0.0005681881729292742,0.000695957133059906,41,41,0.0,0.0001283416114767964,0.0031623471678392644,72.00127417745381
H1_ASC_MICH_Y_OUT_DQ,0.001149841354346725,0.014630152989135446,0.39745022626414295,32.0,0.0005640148728659794,0.0006703394336376254,41,41,0.0,-4.433554273623489e-05,1.7298690940388766,1.729934561916294
H1_SUS_SR2_M1_DAMP_L_IN1_DQ,0.0006283391315088161,0.007977409571703715,0.3300564726027354,60.0,0.0005638873716929147,0.0006987372188924138,41,41,0.0,-0.00019490771446310944,0.0026573532953030957,135.2770233385007
H1_ASC_AS_B_RF72_Q_PIT_OUT_DQ,0.0012418979148071814,0.01752191452384817,0.561012018062709,180.0,0.0005638363325337539,0.000848939165729657,41,41,0.0,0.00025151219024147255,0.6805280685812554,10.437078376432034
H1_SUS_TMSX_M1_DAMP_R_IN1_DQ,0.0006025252588268262,0.00783108220644808,0.3206072770491838,60.0,0.0005574256844388182,0.0011953891740612112,41,41,0.0,0.00015593762599539106,0.02300661286387491,2436.063883496278
H1_SUS_FC1_M2_WIT_P_DQ,0.00034781564179834024,0.00043815751619555033,0.01091644646211578,961.0,0.0005572488382789505,0.0005389675123802038,41,41,0.0,0.0007632028954653273,0.06630357242766695,1018.1486227630986
H1_SUS_ETMY_L3_OPLEV_PIT_OUT_DQ,0.0003889282593237286,0.0012685106958990925,0.043679867713380574,960.0,0.0005563355548292586,0.0008418970853612402,41,41,0.0,-6.655625391796072e-05,0.10589549010991024,24.007059955766465
H1_SUS_BS_M3_OPLEV_SUM_OUT_DQ,0.0004203800228535587,0.0017877463327396067,0.05632381214303301,960.0,0.0005534863841747497,0.0005050491856291628,41,41,0.0,-0.00015523330136978398,5.942049572949615,12864.212635299815
H1_SUS_TMSX_M1_DAMP_V_IN1_DQ,0.0007251704108300575,0.010264691552552547,0.4112246733528492,60.0,0.0005528443305776453,0.001054035503000649,41,41,0.0,-1.6595241644161132e-05,0.0070448324232342254,205.13338736765257
H1_SUS_TMSY_M1_DAMP_T_IN1_DQ,0.0004798801587811043,0.0035524217887165374,0.14035683177752173,60.0,0.0005490043224559415,0.0016250364595292812,41,41,0.0,1.4155188705643384e-05,0.008408597029559541,6.252323877486266
H1_ASC_AS_B_RF72_I_PIT_OUT_DQ,0.0007136880690432178,0.00753520709301184,0.2765122319197923,180.0,0.0005470409932886232,0.000647569079116294,41,41,0.0,-0.00025419712960421593,0.8162244652515942,22.930546545928433
H1_SUS_OFI_M1_DAMP_T_IN1_DQ,0.0005792489043275173,0.005517679017236645,0.23093885592129376,60.0,0.0005420531508778534,0.0007992434919618527,41,41,0.0,-0.00013843860917820262,0.009344983055120042,73.662529584528
H1_SQZ_CLF_SERVO_SLOW_OUT_DQ,0.0009212803232049109,0.015936268381399454,0.6128330906498654,180.0,0.0005390806033846707,0.000513508700261236,41,41,0.0,-9.336756662737881e-05,0.0005000269541995544,0.48757493477819325
H1_SUS_ITMY_L2_WIT_L_DQ,0.0005754351526488477,0.006968178353179735,0.28785277169380014,60.0,0.000525757787761242,0.0014237446583602231,41,41,0.0,7.83521385693638e-05,0.003551703807625976,32.04277694066319
H1_SUS_PR2_M3_WIT_L_DQ,0.000508644649179968,0.004525685802797817,0.19003637485388009,60.0,0.0005217719832421252,0.0005871214395667493,41,41,0.0,0.00014768220676339053,0.007422002504008976,29.959280934001562
H1_SUS_PR3_M1_DAMP_T_IN1_DQ,0.00044787109495021546,0.0022762256092154092,0.09284841089034551,60.0,0.0005095217357544014,0.0006428845133660572,41,41,0.0,0.0013218897211659253,0.0014031414237742899,96.8523585072793
H1_SUS_SRM_M2_WIT_P_DQ,0.0003612168383597097,0.0005359706307452497,0.015700523012502434,3.5,0.0005084849853522189,0.0004836765399624978,41,41,0.0,5.711576816946828e-05,0.49929629442328394,484.6096423966805
H1_SUS_BS_M2_WIT_P_DQ,0.0006207134888648475,0.0019509838237489734,0.04653431925834087,960.0,0.0005071170007050872,0.0004943435771972053,41,41,0.0,-5.599131141656142e-05,0.19899497910887068,227.57805433073472
H1_SUS_MC3_M1_DAMP_R_IN1_DQ,0.00044094556842812514,0.002261631085930948,0.06362696631473344,960.5,0.0005065471727319929,0.0009507013947960321,41,41,0.0,-0.0004024030446968374,0.029208574376391988,11.337725116304975
H1_IMC_MC2_TRANS_SUM_OUT_DQ,0.0032021158159772716,0.04933836435240404,0.9806378866308557,60.0,0.0005048544251993781,0.0008662485427252239,41,41,0.0,1.1588202893506238e-06,0.00030047050612760635,4.6856996973852025
H1_PSL_FSS_MIXER_OUT_DQ,0.0007949353081526445,0.010373328041793224,0.40561287471497776,180.0,0.0005045290935268294,0.0006778591787863544,41,41,0.0,1.44160285043145e-05,0.00014971201135735614,0.004065565022146155
H1_SQZ_FIBR_PD_LF_OUT_DQ,0.000711312709523688,0.004814769204715239,0.14198536153765612,540.0,0.0005038688340270872,0.0008214475545899459,41,41,0.0,3.501835887682288e-05,0.026453154623266337,1.3983313820855696
H1_SUS_PR2_M3_WIT_Y_DQ,0.00042551966377316004,0.002164685538570523,0.09134864238193323,60.0,0.0005033411527070279,0.0005631654359460719,41,41,0.0,-9.404839999572764e-05,0.11385111019632543,1164.162643917436
H1_LSC_Y_TR_A_LF_OUT_DQ,0.0006555701195462987,0.008702188108723459,0.3574091359874631,180.0,0.0005008276011236899,0.0006831089753082947,41,41,0.0,0.0004501133919110689,0.0034031301171175933,0.32390260764454104
H1_SUS_ETMX_L1_WIT_Y_DQ,0.000366726059199063,0.000637153311484047,0.0184694151639141,3.0,0.0004958324609169776,0.0004801947844421324,41,41,0.0,0.0002678599863449987,0.05820653286163166,848.6289285986059
H1_SUS_ZM6_M1_DAMP_Y_IN1_DQ,0.0003798602938132795,0.0009839447475626414,0.039316940523616124,60.0,0.0004957131756260263,0.0005696211523896704,41,41,0.0,7.388736270417521e-06,0.30639870345147596,781.9190256800124
H1_SUS_ETMX_L1_WIT_L_DQ,0.0008260337976214273,0.010852122394643038,0.4237311231696949,60.0,0.0004952870568494228,0.0008480155668467931,41,41,0.0,-3.5380713596276387e-06,0.23909288010770438,33.07515032850244
H1_PSL_ILS_MIXER_OUT_DQ,0.0034195639433825097,0.04972920526698834,0.9805833524917147,60.0,0.0004892283308463637,0.0008311669105761342,41,41,0.0,0.0002663813372957579,6.9569213055546075e-06,0.017625225266480984
H1_PSL_OSC_PD_ISO_DC_OUT_DQ,0.000590749531096746,0.005278999131800523,0.18439916260991215,60.0,0.00048772852463032127,0.0005252269581792918,41,41,0.0,0.0011314848896933699,0.00012815249324826095,0.0012327252978183824
H1_SUS_MC2_M1_DAMP_V_IN1_DQ,0.0003894784467321581,0.0006529392841040193,0.01910010444631986,20.0,0.0004848279617147286,0.00122153379832086,41,41,0.0,-4.468289920145274e-05,0.025673026354815064,22.140360776138895
H1_SUS_TMSY_M1_DAMP_V_IN1_DQ,0.0004043838310709325,0.001448641911585645,0.059532026922004135,60.0,0.00048413706619694874,0.0006981827299822479,41,41,0.0,-0.00037338277623625145,0.0020326892860937375,66.12733208147102
H1_PEM_MY_SEIS_VEA_FLOOR_Y_DQ,0.0003334413038522802,0.00035915766316989403,0.0045106506444866,120.0,0.00048325376549253086,0.0007734648172322882,41,41,0.0,0.00021398554268522383,4803.440362958442,4821.2886463932255
H1_SUS_ZM5_M1_DAMP_Y_IN1_DQ,0.00036466358871132414,0.0005560633605871819,0.0133783143697458,60.0,0.0004824356888135042,0.00047604156249420987,41,41,0.0,-8.782969006716804e-05,0.2827796303948281,445.1174502436586
H1_SUS_PR2_M1_DAMP_Y_IN1_DQ,0.0003559214606361005,0.00045209101244265103,0.01001047284389763,5.0,0.0004823799093986118,0.00048899334255597,41,41,0.0,-0.0001919751146986537,0.06875794866153902,1767.64978162497
H1_LSC_Y_TIDAL_OUT_DQ,0.0003941779590572212,0.0018120437170573542,0.05687484829791101,960.0,0.0004819940380996298,0.00045454032734388374,41,41,0.0,2.1538367455475704e-05,1284.7206823538381,83143.39760505829
H1_SUS_SRM_M2_WIT_L_DQ,0.0009241130652732462,0.016166682932548204,0.6177722644982212,60.0,0.0004803574615845927,0.0008079823356272924,41,41,0.0,7.234069901669379e-06,0.2639132682772195,23.201112086933215
H1_SUS_ITMY_L2_WIT_P_DQ,0.00038465962781601405,0.0007883508898844987,0.025800928528313984,3.0,0.0004790459777256386,0.0005571069841485251,41,41,0.0,-0.00028545426500868333,0.07893817159099252,437.8252125978687
H1_SUS_RM2_M1_DAMP_L_IN1_DQ,0.0007707533975726881,0.008000539068673344,0.25264363985205385,60.0,0.00047850409614445377,0.0006695721297180319,41,41,0.0,-9.55159711528097e-05,0.002733324644600582,72.96709447324842
H1_SUS_PR3_M2_WIT_P_DQ,0.0009165875126824057,0.015589888625049958,0.5912931515064707,60.0,0.00047391051253480016,0.0009413352022469042,41,41,0.0,0.0005514415766334099,0.04559086906908095,1171.8730884251684
H1_SUS_ETMY_M0_DAMP_L_IN1_DQ,0.0005930264269921222,0.006192662243448539,0.2512581046209786,60.0,0.0004690596273259004,0.0007527936446530332,41,41,0.0,-0.0001386150294875887,0.044913500549172834,75.11593190474552
H1_SUS_MC3_M3_WIT_L_DQ,0.00048687155379163646,0.003432580254415781,0.1376691683836794,60.0,0.0004682522800352285,0.0009388861068346172,41,41,0.0,-4.981731486366961e-05,0.006409886524190921,31.549144760229613
H1_SQZ_FC_ASC_CAV_POS_Y_OUT_DQ,0.00034305033049406583,0.0003395249810563484,0.0037056006146638674,1024.0,0.0004676734981050409,0.00036991178183519733,41,41,0.0,-2.3095341972109154e-05,0.03171410237845835,2.6444485768145096
H1_SUS_FC2_M2_WIT_P_DQ,0.00045819651102597725,0.0023406587304252557,0.06430919309746101,60.0,0.00046456263709677254,0.0004453279372587493,41,41,0.0,7.534994455167476e-05,0.6624958625370755,10.161743060130272
H1_SUS_ETMX_L3_OPLEV_SUM_OUT_DQ,0.0004346391347386374,0.0018822467580054648,0.06781221197127833,60.0,0.00046334221757147976,0.00046043336088649,41,41,0.0,0.0005739954780896567,4.777357587504238,7813.610998046902
H1_SUS_PRM_M3_WIT_Y_DQ,0.0004975143954577377,0.003543805188125343,0.136822543679066,60.0,0.00046304030453382373,0.0006486149976044421,41,41,0.0,-6.426797470116483e-05,0.14971929464453534,113.633646099267
H1_PEM_EY_ACC_BSC10_ETMY_Z_DQ,0.001585279993481569,0.026298446128701778,0.8757075520156326,180.0,0.00045892453893311557,0.0006322635893871771,41,41,0.0,-1.0350972230340852e-05,136.22664599503995,136.74335825521584
H1_SUS_ETMX_M0_DAMP_T_IN1_DQ,0.0006587333283718196,0.007146838648276121,0.2887547703414375,60.0,0.00045215115323409385,0.0008733987127542168,41,41,0.0,2.302343348047964e-05,0.004665890109949056,18.716134335059948
H1_SUS_FC2_M3_WIT_Y_DQ,0.001783854728857985,0.037034730165423524,0.9870856090334911,60.0,0.0004518712065726133,0.0005539792942916591,41,41,0.0,-5.710564332459739e-05,0.1485268252743599,189.3216779373917
H1_SUS_ITMX_M0_DAMP_T_IN1_DQ,0.00042368042924390947,0.002683210528715406,0.1135794562929461,60.0,0.0004518423699140886,0.0006013024254939735,41,41,0.0,0.0004451365846772801,0.0031047156322046277,180.7277883165531
H1_SUS_PR2_M2_WIT_Y_DQ,0.0005208107524557655,0.005085187301032221,0.2109202683880129,60.0,0.0004484475071709564,0.0004054729574954488,41,41,0.0,5.7952798244431286e-05,0.07969884508019259,1644.3079853818806
H1_SUS_OMC_M1_DAMP_V_IN1_DQ,0.00040905513411722657,0.0021998650202033677,0.09629484676816422,60.0,0.0004479861836855025,0.0004204370293263511,41,41,0.0,4.6526074585753435e-05,0.007468524177601007,185.97359736246983
H1_LSC_MOD_RF45_AM_ERR_OUT_DQ,0.0008676664265837738,0.010421571776665561,0.40003245683583405,180.0,0.00044732962996348817,0.0005591143524152057,41,41,0.0,0.0003766523251210376,1.8452337797254423e-08,5.095334852248932e-05
H1_SUS_ITMX_M0_DAMP_P_IN1_DQ,0.0006228352700793403,0.007096779800550841,0.2911704473285508,60.0,0.0004451058201271235,0.0006326327818836361,41,41,0.0,-0.004188027951842826,0.03968033175185427,534.4217340545775
H1_SUS_PRM_M1_DAMP_P_IN1_DQ,0.0003632136221224384,0.00043765207049118685,0.00838107204357463,8.0,0.00044476013028265266,0.00036355197600450897,41,41,0.0,-0.0010332675011544912,0.06428741657273065,1225.4448666004448
H1_SUS_SR2_M1_DAMP_Y_IN1_DQ,0.00042692338099253635,0.0016782409904568575,0.04652110736521716,960.0,0.00044390163951239716,0.00037734686323566283,41,41,0.0,-0.00019011425669862272,0.040056859147224,38.975806156973626
H1_SUS_SR2_M1_DAMP_P_IN1_DQ,0.0009675618050486515,0.008597976978343573,0.1517608352525223,4.0,0.00044225122375310204,0.0005356383680501861,41,41,0.0,0.011283138274016193,0.0345918989353682,575.4595754250618
H1_SUS_SR3_M1_DAMP_V_IN1_DQ,0.0005617214078492489,0.00443905910049343,0.171496662879067,60.0,0.0004371087213488569,0.0004301994176968679,41,41,0.0,0.00013991739106063703,0.010711642064596105,4.156587256643214
H1_SUS_ETMX_L2_WIT_L_DQ,0.00066408962711775,0.008690803075457245,0.3504902554313233,60.0,0.0004366857682177202,0.0006256168634122135,41,41,0.0,-2.302262058625332e-05,0.31102556757012,31.0616444209178
H1_SUS_RM2_M1_DAMP_Y_IN1_DQ,0.0003555672256026274,0.00041847744947830933,0.009082932319478038,60.0,0.0004366368781061044,0.0003464213734283207,41,41,0.0,2.5285077927242858e-05,0.1941999143799094,1291.6654198893996
H1_SUS_ITMX_L3_OPLEV_SUM_OUT_DQ,0.0004047235467311257,0.0012576100261317987,0.0474604181813574,960.0,0.00043607431635186023,0.00041978259322098985,41,41,0.0,-3.126276497396557e-05,16.427733040282995,14719.030325869577
H1_SUS_OM2_M1_DAMP_Y_IN1_DQ,0.0004606113262060369,0.003454908585304618,0.15319405758911,60.0,0.0004351047340841825,0.0004294599796352991,41,41,0.0,-1.5504978013189206e-05,0.584409274229231,360.97720849141393
H1_SUS_ETMY_L2_WIT_P_DQ,0.0004002874976485768,0.001422226397366175,0.05079091871472201,960.0,0.00043290035483102535,0.00045283897721066455,41,41,0.0,-5.0222910955544926e-05,0.09988119675561546,525.7135308014631
H1_SUS_PRM_M2_WIT_P_DQ,0.0005052642040658421,0.003457205820499202,0.1342389248086507,60.0,0.0004328002480433369,0.00047046183515788163,41,41,0.0,3.526143806414401e-05,1.7714674082306638,678.1434066784691
H1_PSL_OSC_PD_BP_DC_OUT_DQ,0.0004690652762297063,0.0026478585342916247,0.10014645049984479,60.0,0.00043119251313506114,0.00035831503573228736,41,41,0.0,0.0001293386452364043,0.00010761256414977782,0.0013648384389754265
H1_SUS_SRM_M3_WIT_Y_DQ,0.0005687796231286525,0.005468988508057853,0.22276720566380862,60.0,0.0004303494967066254,0.00038746306454530416,41,41,0.0,-5.513968958916025e-06,0.3780279556659463,277.98130563274464
H1_SUS_OMC_M1_DAMP_Y_IN1_DQ,0.00035603690917931886,0.00036086424713432274,0.0031749873411063777,3.0,0.00042988258306588776,0.0004339876920024105,41,41,0.0,5.824402314132407e-06,1.3674070217832603,1266.5998998829077
H1_SUS_ITMX_M0_DAMP_R_IN1_DQ,0.0006414442281815789,0.007761811444351803,0.3161374019208416,60.0,0.00042982465235212223,0.00044907002927985744,41,41,0.0,-0.0002548034203712349,0.02213674695517494,10.824757959056628
H1_SUS_SRM_M1_DAMP_P_IN1_DQ,0.0009009615858953709,0.00730472925346021,0.1948861876843543,60.0,0.0004294992623442891,0.0004525871738168638,41,41,0.0,-0.0012434870337417615,0.38522473632179394,718.9867771763172
H1_ASC_AS_A_RF72_Q_PIT_OUT_DQ,0.00036076747443785994,0.0006337878344151842,0.016486995995323894,3.5,0.0004292210917106189,0.0004089373393292089,41,41,0.0,-0.00014229855021509523,7.539526423412138,7.539532430223471
H1_SUS_SR3_M1_DAMP_T_IN1_DQ,0.0006965387348424299,0.009345111685417918,0.37913613870502477,60.0,0.0004271035021829707,0.0005353066269860769,41,41,0.0,0.0001449281698731372,0.0029318301914591583,15.285556121314439
H1_SUS_OM2_M1_DAMP_P_IN1_DQ,0.000374056057275703,0.0012316673734748254,0.0478998462093085,960.0,0.00042660536532373447,0.0003873717920430545,41,41,0.0,7.913878984749146e-05,0.23095138642729307,10.488903157877283
H1_LSC_MOD_RF9_AM_ERR_OUT_DQ,0.0009987551604053097,0.010067530326941968,0.3663010954225022,180.0,0.00042563181621998574,0.00037066607075357804,41,41,0.0,-0.0005266805025416287,1.9372731018141395e-08,5.7586454557977095e-05
H1_OMC_PZT1_MON_DC_OUT_DQ,0.0004067772190707484,0.0019999037839286507,0.08351268454158338,180.0,0.00042312796263553674,0.00044081636610537303,41,41,0.0,3.8105362275761475e-05,4.726827328271048e-05,9.808048566443693
H1_SUS_PRM_M2_WIT_Y_DQ,0.0004395761832362367,0.002894371761506611,0.12169415990331427,60.0,0.0004230887989728843,0.0006217683113798928,41,41,0.0,3.2424146688090175e-05,0.2485866741574693,1268.5817707539795
H1_ASC_AS_A_RF72_I_YAW_OUT_DQ,0.0006707207784214282,0.00718220820516243,0.2748457091210746,180.0,0.00042281979867921636,0.00042332327918241647,41,41,0.0,9.173022672308822e-05,2.6239079999515096,26.991542365992807
H1_ISI_ETMY_ST1_BLND_X_T240_CUR_IN1_DQ,0.0008431379877222578,0.014010560840505863,0.5544093680517952,60.0,0.0004212516148727981,0.000436782327540589,41,41,0.0,-1.512585902735578e-05,3129.555933974439,3137.3001604282167
H1_SUS_ZM2_M1_DAMP_P_IN1_DQ,0.0003479223156300628,0.0003717802747498165,0.005639333397673516,961.0,0.00042122793264520654,0.0004851877628803332,41,41,0.0,-0.0004040532973895957,0.0282360749448672,213.1419747233725
H1_SQZ_HD_B_DC_OUT_DQ,0.00040952826279496427,0.0014908206002772202,0.053061612486948954,60.0,0.0004210893037305452,0.0004290190866768832,41,41,0.0,-0.00026775851715865145,1.580065857980742e-06,7.014648378799153e-06
H1_SUS_SR3_M2_WIT_Y_DQ,0.0004918336699726852,0.004573659445443159,0.19162877327014655,60.0,0.00042001377556485583,0.00037093832888618436,41,41,0.0,6.033709241385716e-05,0.12671740884843624,37.219467979833
H1_SUS_BS_M1_DAMP_L_IN1_DQ,0.0005636530585870398,0.006172355574503699,0.2553087256230304,60.0,0.0004198362460887147,0.0005965669448503528,41,41,0.0,-2.343790993737892e-05,0.07719879747458416,25.578150581990034
H1_SUS_FC2_M2_WIT_Y_DQ,0.0004598459303949921,0.0034929223300490322,0.14704509284844686,60.0,0.00041918109419638504,0.0003762386799656018,41,41,0.0,-3.575880016085981e-05,0.9924607739055245,1212.083617573494
H1_SUS_MC2_M2_WIT_Y_DQ,0.00071343107220726,0.010962281991752686,0.4401628164217823,60.0,0.0004189781218690019,0.0005351996301042997,41,41,0.0,0.0002917695747498029,0.034798601482858474,494.84343587493396
H1_SUS_OMC_M1_DAMP_P_IN1_DQ,0.00034532052623442646,0.0003790383883553344,0.0071489903000335085,60.0,0.0004188725233763579,0.000338762035535851,41,41,0.0,1.219185858290931e-05,1.724065816863665,892.4728770036791
H1_SUS_SR2_M1_DAMP_V_IN1_DQ,0.0006028856491241174,0.007473842950009891,0.30511832320383514,60.0,0.00041876000597549235,0.0004453281633163657,41,41,0.0,1.2580376654380289e-05,0.005107534426169939,106.08657085961697
H1_ASC_MICH_P_OUT_DQ,0.0022406673788351716,0.030762432626499962,0.770655125883497,60.0,0.00041780646828433845,0.000496070336993381,41,41,0.0,0.003833840084808652,2.338163982042338,2.3381734742052642
H1_ASC_AS_A_RF36_Q_PIT_OUT_DQ,0.0022831779510919595,0.030713825250142428,0.7707257397981729,60.0,0.0004167788229091269,0.0004948790591315299,41,41,0.0,4.362609780919541e-05,3378.9017243757958,3378.9017258073086
H1_SUS_PRM_M1_DAMP_R_IN1_DQ,0.00034104001201306884,0.00036228078942722306,0.00537651199463799,1007.5,0.0004155395412878315,0.0003532543399142861,41,41,0.0,-0.0004427275605844659,0.024915748357261812,97.38983727163685
H1_ISI_ETMY_ST1_BLND_Y_T240_CUR_IN1_DQ,0.0006944504114433062,0.010255645185857528,0.412206010962495,60.0,0.00041543335699343855,0.0003998937510507444,41,41,0.0,2.372890630347499e-05,515.8984937747196,574.4449811404901
H1_SUS_ZM3_M1_DAMP_Y_IN1_DQ,0.00038951462972607525,0.0016692281658935164,0.05747011831471936,960.0,0.0004127588303986946,0.0003031032394857257,41,41,0.0,-0.00041065664865517603,0.022736463056711554,455.5360621709857
H1_SUS_ZM1_M1_DAMP_P_IN1_DQ,0.0003325203745552762,0.0003565243860726615,0.004951306308317791,510.5,0.0004114375769706262,0.0004065285365133943,41,41,0.0,0.00022941266186936248,0.020339627708240816,371.5197861234306
H1_SUS_IM2_M1_DAMP_P_IN1_DQ,0.00034654419858523664,0.0004960780028547008,0.016704468109020126,60.0,0.00041065639003184256,0.00043157504028170333,41,41,0.0,-0.00012443459133120875,0.02344912258040495,917.7612510960811
H1_SUS_ETMX_L1_WIT_P_DQ,0.00037860582160800164,0.0007561377489909693,0.019098272276487555,3.0,0.0004081217306601934,0.0003709339067377982,41,41,0.0,0.00011471205528106547,0.26643708569087476,1524.4658843042787
H1_IMC_TRANS_OUT_DQ,0.0005337483270405544,0.004653115530132488,0.17836529959155403,180.0,0.00040524358227024516,0.000396852583247053,41,41,0.0,-0.00020055461944457046,16.238697351199374,10373.80296119248
H1_SQZ_OPO_REFL_LF_OUT_DQ,0.0030100511734841733,0.044462524088049425,0.9475435134455097,60.0,0.00040340491445333776,0.00037555025781354156,41,41,0.0,6.152930418620686e-05,0.000652905749087544,2.1960658808216054
H1_SUS_BS_M2_WIT_Y_DQ,0.0006213185149117863,0.0017770343922881842,0.04894924683624848,98.5,0.0004033096859304459,0.0005218078786444457,41,41,0.0,1.6698572774852167e-05,0.08440390195727056,348.89984134706964
H1_SUS_MC3_M2_WIT_Y_DQ,0.0003309443535195425,0.00038821902510682306,0.008152973172754098,1007.5,0.0004023940064880102,0.00036831903434793973,41,41,0.0,0.00010513851556957687,0.06353231250506096,709.8413317939122
H1_SUS_PR2_M3_WIT_P_DQ,0.00037928081866268735,0.0011144626324964947,0.04483187421743283,60.0,0.0004017236081411246,0.00040306873759666514,41,41,0.0,-0.0001819327313811958,0.07937104913032729,615.1141205035279
H1_SUS_PR3_M2_WIT_Y_DQ,0.0009257542692060986,0.016001154251265238,0.6088181162023415,60.0,0.00040042650866524936,0.0005164953443995194,41,41,0.0,0.0021764797560320406,0.009459130810172202,389.4903260362128
H1_SUS_ETMY_M0_DAMP_Y_IN1_DQ,0.0003489955292447312,0.00038701563153945874,0.005940502960584138,60.0,0.00040024318566242087,0.00035597695008841206,41,41,0.0,-0.00029740737426711705,0.03359816097694905,142.7738737844899
H1_SUS_OM2_M1_DAMP_L_IN1_DQ,0.0006326549088078169,0.007570855629032123,0.3066734489096227,60.0,0.0003999257295216654,0.0003938980256984447,41,41,0.0,2.1449602460541874e-05,0.007937278090334841,53.11396467486503
H1_ASC_PRC2_P_OUT_DQ,0.00033406633300740225,0.0003369198453891446,0.002653168906091936,142.0,0.00039801960430773905,0.00037950551827052603,41,41,0.0,-2.2126345166669262e-05,39.62255535553908,39.623016207408185
H1_SUS_ITMX_L1_WIT_P_DQ,0.00038845256047601533,0.0014439685498621733,0.0605257118302932,60.0,0.0003974474692376821,0.0003268284648355882,41,41,0.0,0.0008025269209459332,0.023008710238678117,2791.3874513313517
H1_SUS_SR2_M1_DAMP_R_IN1_DQ,0.00035439471847889813,0.0003939530438473671,0.0049418163005044485,510.5,0.0003963430305276727,0.0004226524220893081,41,41,0.0,-9.246827231728237e-05,0.010689364952183165,221.2001192772917
H1_SUS_TMSX_M1_DAMP_Y_IN1_DQ,0.00035893952115572075,0.0005693989324308291,0.013323808148156665,60.0,0.0003958860540562649,0.000396469635778814,41,41,0.0,-4.2228775005247745e-05,0.011381588310120766,44.99788682441264
H1_SUS_PR2_M1_DAMP_L_IN1_DQ,0.00044880745474782237,0.002524273312304973,0.10440631153945365,60.0,0.00039573845953724487,0.00038212716030792417,41,41,0.0,-0.0004490323567797242,0.0028181221215104555,41.08075087958776
H1_SUS_OM3_M1_DAMP_L_IN1_DQ,0.00044080442868613985,0.003048842994430128,0.1351718590366203,60.0,0.00039557561402722485,0.0003871470523978689,41,41,0.0,0.00023689755770534576,0.002570500869607432,50.37545910039548
H1_ASC_AS_A_RF72_I_PIT_OUT_DQ,0.00045094788584599,0.002561736292403222,0.10355802877475292,180.0,0.00039525094255797523,0.0002707168347229066,41,41,0.0,-6.151642362730477e-05,3.3028390913235874,5.704731714589368
H1_ASC_AS_B_DC_YAW_OUT_DQ,0.0004984629714590588,0.0032487561915136983,0.10666163798409707,5.5,0.0003930191982870827,0.00033277285533149466,41,41,0.0,0.00013220922958803236,0.00411725793366978,0.004117258146391297
H1_SUS_SRM_M1_DAMP_Y_IN1_DQ,0.00036090793347041023,0.0005223530556159896,0.009794544513859993,4.0,0.00039276380973914023,0.0003297841462806271,41,41,0.0,0.00026525030639498655,0.17066209704997248,370.84672912811857
H1_IMC_MC2_YAW_OUT_DQ,0.0003476113483487769,0.00035328949911110136,0.0023959818149281624,174.0,0.00039106895426080146,0.0003441176898908096,41,41,0.0,-2.443072705174441e-05,0.06112707606599814,8.453247067802156
H1_ASC_DSOFT_P_OUT_DQ,0.0015167988575904448,0.015174650900184926,0.38992656619380206,60.0,0.0003905975596226339,0.0003634916250629281,41,41,0.0,0.010963829094823602,50.960732530882126,50.96073285139445
H1_SUS_FC2_M1_DAMP_R_IN1_DQ,0.00035126872404745764,0.0003636523237836306,0.0033896580103700068,512.0,0.00038992562971035033,0.0004720752823711982,41,41,0.0,0.00014785949159234116,0.05534328294255531,1370.485393439974
H1_LSC_X_ARM_OUT_DQ,0.00040029998536002275,0.0016635302472604275,0.054472863718810466,960.0,0.0003889471488306661,0.0003846170360923612,41,41,0.0,-1.073272113653402e-05,0.11017739098343365,0.5540346536847618
H1_SUS_SRM_M1_DAMP_V_IN1_DQ,0.000888250433087653,0.01526447946252684,0.583937824711327,60.0,0.0003883277554356925,0.0004326816316986448,41,41,0.0,-5.206943954305753e-05,0.016788810541613887,24.071534607209102
H1_SUS_MC2_M1_DAMP_R_IN1_DQ,0.00034691628774743066,0.00046888315185830167,0.013786148330740738,60.0,0.0003878225989939439,0.00031619163115892277,41,41,0.0,-0.0006084574287296301,0.02770923800856413,367.84123842278575
H1_LSC_MOD_RF45_AM_AC_OUT_DQ,0.001366901966362851,0.02034792201627084,0.6061812055520253,60.0,0.0003875862974954204,0.0004398778870734745,41,41,0.0,0.00035179422421475484,4.5704407697018395e-07,3.424544467508868e-05
H1_IMC_MC1_PIT_OUT_DQ,0.00034117324355961405,0.00033155566615427137,0.0026990015963047355,398.0,0.0003874726505584263,0.00037556053852434577,41,41,0.0,1.0883280086114458e-05,0.04596188967368893,11.017855552372254
H1_IMC_MC3_PIT_OUT_DQ,0.00034117324355961405,0.00033155566615427137,0.0026990015963047355,398.0,0.0003874726505584263,0.00037556053852434577,41,41,0.0,1.0883280086114458e-05,0.04596188967368893,11.017855552372254
H1_SUS_ETMX_L2_WIT_P_DQ,0.00040111216497683023,0.0013506310266510667,0.05408770997663922,60.0,0.00038741449537122943,0.0003784085790453578,41,41,0.0,6.920649785563713e-05,0.047898852589754196,549.4546936489983
H1_SUS_SR3_M1_DAMP_R_IN1_DQ,0.0005457523011209734,0.004848111703940653,0.18961198622669526,60.0,0.0003864206762351972,0.00042267662243353037,41,41,0.0,0.0011843773513871409,0.019303149717731408,630.0590212825151
H1_ISI_ETMY_ST1_BLND_RX_T240_CUR_IN1_DQ,0.001643771385663336,0.03241840404164377,0.9391406509561009,60.0,0.00038587979820562513,0.00039734428677666773,41,41,0.0,-0.00011972596542144093,21.029423076442214,433.50094625350636
H1_SQZ_FC_ASC_CAV_POS_P_OUT_DQ,0.00035406724651455287,0.00034495155069852625,0.002363196608279285,850.5,0.0003849333735146186,0.00034238544294427735,41,41,0.0,2.37136008504085e-05,0.059913931151070285,37.919583291827834
H1_SQZ_CLF_REFL_RF6_Q_NORM_DQ,0.0003412753530405873,0.0005650892353771734,0.020283343606709688,60.0,0.00038423670321774417,0.0004170276401436199,41,41,0.0,-0.0003103234451334997,0.00014590178645379045,0.06511964577504839
H1_SUS_TMSX_M1_DAMP_L_IN1_DQ,0.0004717140789203881,0.003565934066143407,0.14946191592349872,60.0,0.0003842057333800864,0.00035943061678615594,41,41,0.0,-2.456116081380326e-05,0.002425336531830892,130.76324973552215
H1_IMC_PZT_PIT_OUT_DQ,0.0003399830954329664,0.0003504102246079408,0.004165193750343393,964.5,0.0003830418548713522,0.00035583555803555823,41,41,0.0,-3.8916510339258644e-05,0.7242501369955568,23224.0105696154
H1_SUS_SRM_M1_DAMP_R_IN1_DQ,0.000517096994597447,0.004148531105861258,0.1709706656434443,60.0,0.0003811551735910955,0.0004268043241171744,41,41,0.0,0.00014942160377392932,0.06362582351910814,68.7628188463953
H1_SUS_IM4_M1_DAMP_P_IN1_DQ,0.00036095488531984405,0.0005583948108016362,0.01946741856527184,60.0,0.00038018278716885366,0.00038677996071130735,41,41,0.0,-0.0006885598236065795,0.040310232180560665,2732.4870607508424
H1_SUS_MC1_M1_DAMP_P_IN1_DQ,0.0003604378022620833,0.0004970449207168837,0.01266168040041248,1007.5,0.0003801561712487185,0.0003179809024376656,41,41,0.0,-0.0001075561311220674,0.09256868132177698,552.8611934559378
H1_SQZ_FIBR_TRANS_LF_OUT_DQ,0.0003597535158854472,0.00036753618006920137,0.002834726819632166,660.0,0.00037950285735926267,0.0003172653756044612,41,41,0.0,6.001536821565402e-05,0.015787895436351028,0.4638532437745253
H1_SUS_ITMX_M0_DAMP_Y_IN1_DQ,0.0004088993939530902,0.001844248326046196,0.059052647043237226,960.0,0.0003773346719235185,0.00042465730881588383,41,41,0.0,-0.0015455117983972162,0.01523724624838,16.294515104098327
H1_OMC_PZT2_MON_DC_OUT_DQ,0.0006594813209481835,0.006853792567156714,0.26881611025130436,180.0,0.00037721823065698154,0.0004244722747347302,41,41,0.0,-2.482361150141099e-05,0.013955392670875373,53.38954980857008
H1_SUS_MC1_M2_WIT_Y_DQ,0.0005474171480222507,0.0056195535496399015,0.23553309797697433,60.0,0.00037699156144954893,0.0005325905553561623,41,41,0.0,0.00013601236463526095,0.06960733317874877,1734.7770602811222
H1_SQZ_FC_WFS_B_I_SUM_OUT_DQ,0.00035546068987309007,0.000353162006132269,0.0026174521403753235,126.5,0.00037636755661846997,0.0004434872800910929,41,41,0.0,-0.0002017367695707835,90.59962442041217,113.50251272489406
H1_SUS_MC1_M2_WIT_P_DQ,0.0005393267427584653,0.005188243486195662,0.2101478245339763,60.0,0.00037555770963464396,0.0004207263957829277,41,41,0.0,-0.00028724584058393605,0.058337851480821185,291.85560682049015
H1_ASC_AS_A_RF72_Q_YAW_OUT_DQ,0.0013485399451480537,0.020014080084941703,0.6105641793097251,180.0,0.00037467991126343943,0.0003283646447595945,41,41,0.0,6.541210575462277e-05,6.177249930593132,6.177255701641568
H1_ASC_AS_B_DC_PIT_OUT_DQ,0.00038301419757946,0.0008840916486916165,0.021246444837956645,32.0,0.00037443164290088205,0.00035291707577897463,41,41,0.0,0.0001838882495798607,0.005135605709650889,0.005135605717424608
H1_SUS_ZM4_M1_DAMP_P_IN1_DQ,0.0003668585000856527,0.0008902084207086387,0.026283149996830107,961.0,0.0003743316356107452,0.0003877206368518785,41,41,0.0,-0.00035293408998095124,0.025450017190677594,4.104236832113539
H1_SUS_ETMX_M0_DAMP_Y_IN1_DQ,0.0004633620412435624,0.0027165107577267656,0.1114693295443783,60.0,0.00037343118081080033,0.0005898396231761627,41,41,0.0,-0.0002740181562861608,0.1119746006624222,205.78922011931556
H1_SUS_SR3_M2_WIT_P_DQ,0.0003571820979006654,0.0005973677155712074,0.020572180854882723,60.0,0.0003733044632339316,0.00031957084808897706,41,41,0.0,8.433580183714228e-05,0.4542871816808207,181.0936941950956
H1_SUS_MC3_M3_WIT_P_DQ,0.0003906523358611664,0.0015921432154573439,0.05678140112593494,960.0,0.0003730649736228024,0.0003843532464366209,41,41,0.0,0.0001196789222707442,0.033060054608253335,599.5545460213027
H1_SUS_PRM_M3_WIT_P_DQ,0.00044802630354662796,0.0028014397157750913,0.11868572078529416,60.0,0.00037260119443070886,0.0004238407409337679,41,41,0.0,3.722613145037887e-05,1.6873892987185624,1555.5107215616313
H1_ASC_AS_B_RF72_Q_YAW_OUT_DQ,0.002191605271152666,0.03271189718535765,0.8206068501741676,180.0,0.00037229774298309606,0.00038946392822323904,41,41,0.0,8.566459547584645e-05,4.334329155088652,18.76954185712033
H1_LSC_Y_ARM_OUT_DQ,0.00035358114052275213,0.0004151277845276908,0.008256122170608568,961.0,0.00037031357587562837,0.00027526564515837097,41,41,0.0,-1.0732035559554058e-05,0.11017739008984098,0.14987507003952383
H1_ASC_REFL_B_DC_NSUM_OUT_DQ,0.0010356428003129611,0.01435048347600678,0.5403820626774202,60.0,0.0003702686052016321,0.0003082243178604084,41,41,0.0,0.0008905140273971202,21.970065503608367,7112.288698789646
H1_SUS_OM3_M1_DAMP_P_IN1_DQ,0.0003404380294262557,0.00035644501031679667,0.002619049794048879,327.0,0.000369596013460172,0.00038633909416096974,41,41,0.0,2.0664923479924333e-05,0.3701423151553575,666.7978932589081
H1_SQZ_FC_TRANS_D_LF_OUT_DQ,0.00034236812324992796,0.0003433569506094768,0.002532662193973617,892.5,0.0003688479786058199,0.0003178634596164425,41,41,0.0,-0.0010074813806467283,0.0012911491013854776,0.10688998334910717
H1_SQZ_HD_DIFF_DC_OUT_DQ,0.00038094033429732926,0.0007256290342203072,0.02155953473933242,60.0,0.0003683337914355465,0.00033540422504248587,41,41,0.0,-0.00012315601629407468,1.200671128217727e-06,0.0002879689693293296
H1_LSC_POPAIR_B_RF18_I_ERR_DQ,0.0003423018533614235,0.0003525384110938147,0.004258249703061536,60.0,0.0003681579474976727,0.0003407448183486874,41,41,0.0,-2.3530843816207242e-05,0.3196090944063923,0.3206192269700398
H1_SUS_MC1_M1_DAMP_R_IN1_DQ,0.000349109714950647,0.000506518428137376,0.014143382042143101,961.0,0.00036800994721230407,0.00038789974865463447,41,41,0.0,-0.0009705919146026484,0.013834613029732481,191.77844796734246
H1_SUS_SRM_M3_WIT_P_DQ,0.0004871669424496577,0.0033543771957725023,0.1318765682444114,60.0,0.00036791669707536984,0.0004822116804623043,41,41,0.0,-7.009249617473982e-06,0.5272321082891823,510.4872616426085
H1_SQZ_HD_DIFF_RF3_Q_NORM_DQ,0.0003761372333244494,0.00038296847831797336,0.004321970843577355,180.0,0.0003677960181625471,0.00032335584113553806,41,41,0.0,-0.00046676223990994327,2.6091800485403814e-05,0.00029543279570964356
H1_ASC_AS_A_DC_YAW_OUT_DQ,0.0007902933855561179,0.008402745569844342,0.2308433795867891,6.0,0.00036734193459742655,0.0003780099324583361,41,41,0.0,-0.00030623643531919664,0.004814000033390306,0.004814000532094338
H1_SUS_SR3_M1_DAMP_Y_IN1_DQ,0.00044524848010129317,0.001817036790844725,0.04449831431278974,6.5,0.00036688132796671374,0.0003383166902157532,41,41,0.0,0.011315449720359631,0.011157911367613727,627.0524292914391
H1_SUS_BS_M1_DAMP_Y_IN1_DQ,0.00033421409467449534,0.00034983203958486296,0.003182302381178237,5.0,0.00036589451452533463,0.0003461790212016566,41,41,0.0,0.0001869544431871565,0.02467524915151233,287.05030420266996
H1_SUS_OFI_M1_DAMP_L_IN1_DQ,0.0004311985063649662,0.0032209393581808647,0.14371867351984116,60.0,0.000365595568283407,0.00041228172623072895,41,41,0.0,-0.000172188909619174,0.008545577482314031,19.730219466040424
H1_SUS_ETMY_M0_DAMP_P_IN1_DQ,0.00039653577255899393,0.0009029604858618712,0.022614266246646954,4.0,0.0003648341000546514,0.00032904209938296766,41,41,0.0,0.0023839344976986305,0.06305573644196982,345.0656897611053
H1_SQZ_ASC_ANG_P_OUT_DQ,0.0004141023591516726,0.0014801131814376866,0.05088130396714588,960.0,0.00036278211176164825,0.0003303748420612823,41,41,0.0,1.6713651023841614e-05,0.21710247717760994,13.018479652519165
H1_SUS_OM1_M1_DAMP_P_IN1_DQ,0.00046056522591333743,0.003628990837270916,0.15913560188048959,60.0,0.0003627181680565091,0.00025367325093011094,41,41,0.0,3.4829708209686975e-05,0.3513751877270458,1547.5944815742987
H1_SUS_IM2_M1_DAMP_Y_IN1_DQ,0.0004035423423051738,0.0013691606611913778,0.05118200564878722,960.0,0.0003625808985305692,0.0004290063339546155,41,41,0.0,-0.0013551548452920203,0.02404050433660877,203.94255207902546
H1_IMC_MC2_PIT_OUT_DQ,0.0003371074455292556,0.00032192219051781093,0.0023190938598010202,139.0,0.0003612559960926031,0.00030104213795125075,41,41,0.0,-7.522438623851005e-06,0.03617635982925343,23.211114634987908
H1_SUS_MC1_M1_DAMP_T_IN1_DQ,0.0004841574093596645,0.002693909890669533,0.08737729567999097,20.0,0.00036109435172244447,0.0003758402509074687,41,41,0.0,-0.00038613649299841795,0.003704418766385367,23.756099353504965
H1_ASC_SRC2_Y_OUT_DQ,0.0003635446391715735,0.00041219051172404605,0.00633731968627494,30.0,0.0003609947394492189,0.0002628188795490708,41,41,0.0,-3.976799974894786e-06,18.432863027435477,18.43289999592482
H1_SUS_MC3_M3_WIT_Y_DQ,0.0003761979879489828,0.0004516412277422866,0.006768551159019655,961.0,0.0003602306771742704,0.00041236043918439075,41,41,0.0,-0.0002955643523072365,0.033041361818932614,1208.9009200208848
H1_SUS_SR3_M1_DAMP_L_IN1_DQ,0.0008391514476840703,0.0065185090820669275,0.1758245906928321,60.0,0.00035950928059506546,0.00034696014637725564,41,41,0.0,-0.004014452397038125,0.005140044351828133,4.87689305020426
H1_SUS_FC2_M3_WIT_P_DQ,0.0017452848114587606,0.03701674027277257,0.9869056136899651,60.0,0.0003587277805719956,0.0004456330648496033,41,41,0.0,6.225479176271167e-05,0.30452605796793575,1064.8223498561847
H1_SUS_OPO_M1_DAMP_Y_IN1_DQ,0.00036217272251189684,0.00038675259867658533,0.005533271959614398,100.0,0.00035803330886325843,0.00027149554739903286,41,41,0.0,0.0003950601117966015,5.555610001632875e-06,0.7311454018220229
H1_SUS_OM1_M1_DAMP_L_IN1_DQ,0.0005152394057273105,0.004912262377447281,0.21441151074180326,60.0,0.0003564342254604636,0.0002792583187859657,41,41,0.0,4.757136679994229e-05,0.003284325930789902,71.43802141647376
H1_SUS_RM1_M1_DAMP_P_IN1_DQ,0.00045946324931903586,0.0022365149087950104,0.057993683973191025,960.0,0.0003564328032374988,0.00041053180851560435,41,41,0.0,0.00011857943753160435,0.03981564211419946,628.0512911477791
H1_SQZ_OPO_REFL_RF80_Q_NORM_DQ,0.0004889681958842571,0.003186313417119926,0.1265392503784017,180.0,0.0003553148469301159,0.00036594107483347156,41,41,0.0,-0.002071290689260376,0.0003125178112366397,0.017619950969984477
H1_SUS_SR2_M1_DAMP_T_IN1_DQ,0.0003749708591378803,0.0008795043601634947,0.03471341661689472,60.0,0.0003538193706304953,0.0002601954231393086,41,41,0.0,-6.442667125372312e-06,0.0036635506726403807,110.72733821317792
H1_SUS_FC1_M3_WIT_P_DQ,0.0003571435404249021,0.0005353398383412452,0.013546236383862764,60.0,0.0003536643390551676,0.0003533200496296169,41,41,0.0,0.00045992318160635533,0.03607994445557185,161.83903905566498
H1_SUS_ETMY_L2_WIT_Y_DQ,0.0003564578780097011,0.00046685594680539,0.011616279732316588,3.0,0.00035349710304120185,0.000334997208418443,41,41,0.0,5.245474169007614e-05,0.22802826116087305,1367.6706326402339
H1_OMC_PZT1_MON_AC_OUT_DQ,0.001201217428527262,0.022071947424006536,0.7797650693190377,180.0,0.00035262701379582136,0.0004199146369243981,41,41,0.0,0.00021790850703197413,6.52441870168896e-05,0.0012553284828395249
H1_PSL_PWR_HPL_DC_OUT_DQ,0.0003569605053758918,0.0006327363540544066,0.018437690337779356,60.0,0.0003517061256319365,0.00030547979126011965,41,41,0.0,0.0003383493869557037,0.0027275352086005645,0.044695203111994326
H1_SUS_ITMY_L2_WIT_Y_DQ,0.00041887245410332963,0.0020270127063411196,0.08504864923575936,60.0,0.000351577698641361,0.0003075251520105591,41,41,0.0,0.0013088766443908992,0.04759801341941972,230.669891180152
H1_SUS_ETMX_M0_DAMP_V_IN1_DQ,0.00045316309788814087,0.0035356048613970873,0.1495625266570728,60.0,0.00035117372382768765,0.0003436452200628612,41,41,0.0,-5.075987515312089e-05,0.008257568016995887,128.23598761233114
H1_PEM_CS_RADIO_EBAY_NARROWBAND_1_DQ,0.000581731178281423,0.005183233852226639,0.21162256915483132,180.0,0.0003507122547050656,0.0004643855265635011,41,41,0.0,-0.00031646787674209723,5.491415714938081,23.445015136364542
H1_ASC_AS_A_RF36_I_PIT_OUT_DQ,0.0004694675147481201,0.0025870098357334216,0.10027958723365243,60.0,0.0003500785142322823,0.00038064022847102857,41,41,0.0,4.5010285827810975e-05,1787.3301549176438,5111.233403155679
H1_SUS_ITMY_M0_DAMP_R_IN1_DQ,0.0004116777117052708,0.001629963030937663,0.05568267239114414,960.0,0.00034941127097477056,0.0003411055371386459,41,41,0.0,0.0015656302878807751,0.009244484552459853,63.2933165626659
H1_SUS_TMSY_M1_DAMP_R_IN1_DQ,0.0003542833781815265,0.00039477226807777964,0.0061274625648881,1007.5,0.00034719524191714735,0.0003993613487846774,41,41,0.0,0.00013762288090950718,0.04849211788221545,534.5061260580779
H1_ASC_AS_B_RF72_I_YAW_OUT_DQ,0.0012179287273349952,0.01718696627692376,0.5625231494797044,180.0,0.00034710715847293457,0.0004097182210622986,41,41,0.0,-0.00016681829712202382,6.62103210253206,51.83238414606096
H1_SUS_OPO_M1_DAMP_L_IN1_DQ,0.00035154547296330706,0.000361379609312875,0.003604072718544908,1007.5,0.00034694644775906463,0.00033539328047342624,41,41,0.0,-0.0003753716779235863,0.003812848196860128,46.64313904301356
H1_SUS_IM4_M1_DAMP_Y_IN1_DQ,0.000395610663708279,0.0012366502530886685,0.03992789885404024,960.0,0.0003459366507392,0.0002918498256752164,41,41,0.0,-6.946207499728505e-05,0.10925858584265603,145.9682670090548
H1_SUS_FC1_M2_WIT_Y_DQ,0.0003412785150136774,0.0004260758709972324,0.010040032860936972,961.0,0.00034591742371617575,0.00031227222279098303,41,41,0.0,-0.0006241294231234829,0.043996209193438524,598.9340225953435
H1_SUS_ITMY_M0_DAMP_Y_IN1_DQ,0.00044220187179385117,0.0033291124248300214,0.13876808950325664,60.0,0.0003450273599275349,0.0002944626746174682,41,41,0.0,-0.0005981393759726886,0.017512868095930775,304.83456471850604
H1_SQZ_ASC_ANG_Y_OUT_DQ,0.00043234915437338447,0.0017369481711522158,0.05439662013631305,960.0,0.0003435791279602139,0.00044785694910538896,41,41,0.0,2.4180898902651362e-05,0.40366487180339783,18.38814211315134
H1_SUS_MC2_M3_WIT_P_DQ,0.0004813093050708942,0.0030211168297221845,0.11015361591564622,60.0,0.0003435364322250903,0.0003347151779435394,41,41,0.0,-0.0003394524872690698,0.09885400337338565,144.18428376424654
H1_SQZ_FC_WFS_B_Q_SUM_OUT_DQ,0.00034631012865179306,0.0003576943089782729,0.003287085924955927,274.5,0.0003429373220960722,0.000349152584594146,41,41,0.0,-0.00032284056598547807,66.82480660762138,3049.4755173182357
H1_ISI_ETMY_ST1_BLND_RZ_T240_CUR_IN1_DQ,0.0006069620533167222,0.005846672840970665,0.23184200942623706,60.0,0.00034269329830635464,0.00028243270550299185,41,41,0.0,-7.805683287641005e-05,21.391541093313442,324.894413245648
H1_SUS_TMSY_M1_DAMP_P_IN1_DQ,0.0003453913727324452,0.0003814248588397651,0.005316838959208416,60.0,0.00034176858875727454,0.00027038329416859385,41,41,0.0,0.0003748471274191358,0.011048965295771483,405.8019308906412
H1_OMC_PZT2_MON_AC_OUT_DQ,0.0012732157527212326,0.023792803820810924,0.8121957278774125,180.0,0.0003416718868190346,0.00038410521707680205,41,41,0.0,0.0006847151153913311,0.00020132063614092951,0.001349403624062477
H1_ISI_GND_BRS_ETMX_RY_OUT_DQ,0.0003819144749438507,0.0008264638901140321,0.02478378035974043,60.0,0.00034124070849586823,0.0005328664639166129,41,41,0.0,7.650679773271899e-06,191.66805936357187,201.31129113246308
H1_SQZ_FC_WFS_A_I_PIT_OUT_DQ,0.00034452546638909926,0.0003391258340727809,0.00240583886425564,413.0,0.0003406975732654074,0.00035881807448494984,41,41,0.0,-0.0005158313023075549,67.98119652647775,67.98124223809036
H1_SUS_PR2_M1_DAMP_T_IN1_DQ,0.0003850481395726355,0.0007572540766881882,0.022508556627192762,60.0,0.00034049906469373205,0.00039570299471517243,41,41,0.0,-0.0005929208202988731,0.0023835406618755296,11.9846425837954
H1_ASC_INP1_P_OUT_DQ,0.00032258486609758905,0.0003271313453956833,0.0027321829174236133,845.0,0.0003398155113801146,0.00033821973830738074,41,41,0.0,-1.1135031414407984e-05,0.07149913217486839,0.07149921779691443
H1_ASC_REFL_B_DC_PIT_OUT_DQ,0.00039301431900921766,0.0011348974411588178,0.04102055201206345,20.0,0.0003393909422640611,0.0003258323170526685,41,41,0.0,-8.59863525553738e-05,0.005544166526297343,0.005544168152812559
H1_SUS_ZM6_M1_DAMP_P_IN1_DQ,0.0003583496958414886,0.0005487937181659728,0.018116702099457246,60.0,0.00033845991793789404,0.0004047310871318926,41,41,0.0,6.183440881376805e-05,0.22994137081811683,805.6727419783948
H1_PEM_MY_SEIS_VEA_FLOOR_X_DQ,0.00039454398740726855,0.001372910585272704,0.048990731277185076,960.0,0.0003347176662817118,0.0003374483137344816,41,41,0.0,8.069840833453247e-05,81.13341873541992,348.9662521999418
H1_SQZ_HD_DIFF_RF3_I_NORM_DQ,0.0003787154797461768,0.0003826629587243279,0.0050278274937029886,60.0,0.0003343343167108349,0.00033881779557743953,41,41,0.0,-0.0016784953821550304,2.942307496458731e-05,0.0006418254345746814
H1_SQZ_FC_ASC_CAV_ANG_Y_OUT_DQ,0.00034188564545449107,0.00034916144947855926,0.0027273399036413077,1022.5,0.00033328384200963647,0.00034789229365486706,41,41,0.0,-1.0380189820725567e-05,0.015068962600120119,1.001251659818342
H1_SQZ_FC_WFS_A_I_SUM_OUT_DQ,0.000371636039937414,0.00038623554210737355,0.0047876900124406855,60.0,0.0003309902983322388,0.0003025218032635355,41,41,0.0,2.8872631975233325e-05,89.11035447165258,89.11035453841548
H1_SUS_FC1_M3_WIT_Y_DQ,0.0003606031397079592,0.0005180324513242096,0.01628634024486494,961.0,0.0003308537786506424,0.00029563125334852004,41,41,0.0,0.0005108024194152873,0.04224081198128049,177.826670266559
H1_SUS_OPO_M1_DAMP_R_IN1_DQ,0.0003687698596637956,0.0012420976375311834,0.04602771485473266,960.0,0.00033079297857648265,0.0002960230144188303,41,41,0.0,-0.0009935563815931876,6.748301333968187e-06,0.19079967847768198
H1_SUS_OM1_M1_DAMP_Y_IN1_DQ,0.0004812897697409183,0.002741539005357784,0.10438078372049166,60.0,0.000327278270231674,0.0003265561333395403,41,41,0.0,-7.782113975783749e-05,0.4001753996227275,367.64663095562616
H1_SUS_RM1_M1_DAMP_Y_IN1_DQ,0.0004188823859898359,0.0018968122492311816,0.059066697517599666,960.0,0.0003257441645614606,0.00027645506677161677,41,41,0.0,3.521652042562153e-05,0.03173099996023175,1212.82686401008
H1_ISI_ETMY_ST1_BLND_RY_T240_CUR_IN1_DQ,0.001626808672860691,0.03237078813984845,0.9399338609871898,60.0,0.0003245954130000772,0.0002607590039494321,41,41,0.0,-0.00027240696523244914,25.415562027546276,290.37726746447026
H1_SUS_MC1_M1_DAMP_Y_IN1_DQ,0.00036970927274040553,0.0005130170720379236,0.014737398264229453,60.0,0.0003233813275401453,0.00029032767983332787,41,41,0.0,-0.0008195441248019665,0.015234093499326406,1455.6588949557338
H1_SUS_RM2_M1_DAMP_P_IN1_DQ,0.00041588861902859954,0.001788424065985074,0.055848079685067345,960.0,0.0003227906864415008,0.00030088591312185995,41,41,0.0,-8.888214710546519e-05,0.14856432438391456,40.982687338086
H1_SUS_ZM5_M1_DAMP_P_IN1_DQ,0.00034931425593937303,0.000439971443753549,0.011498069318389849,961.0,0.00031811160367695477,0.00030300228403994784,41,41,0.0,1.6998981998493788e-05,0.2468475852648439,249.62541195959852
H1_ASC_Y_TR_B_NSUM_OUT_DQ,0.0011798908542171795,0.017243275315131767,0.6069421409194709,180.0,0.00031738673540219965,0.00030125691274627295,41,41,0.0,-0.00011099328681400808,268.3663313190405,449209.86911526584
H1_SQZ_FC_WFS_B_I_PIT_OUT_DQ,0.0003466966301958035,0.00034563763535532194,0.0026369188389398935,627.5,0.0003151283347321578,0.00030104359904858637,41,41,0.0,0.0007562361079910305,70.22354307900565,70.22476084268264
H1_SUS_MC2_M1_DAMP_P_IN1_DQ,0.00034923396563489296,0.00035836779888728706,0.003885384885412821,961.0,0.0003151267432669602,0.0002661381065708815,41,41,0.0,-0.0002655521924023364,0.1405330472085814,920.0008448657366
H1_SUS_SR3_M1_DAMP_P_IN1_DQ,0.0003867593481611942,0.0010418835793280644,0.04155578156642486,60.0,0.0003132657499278937,0.00030354873613946915,41,41,0.0,-0.00012654370574253636,0.03574528876033427,280.3856732561592
H1_ASC_REFL_B_RF9_Q_YAW_OUT_DQ,0.001083263287378514,0.00831034004299014,0.18389782041282748,20.0,0.000312475824707943,0.0002847917358533165,41,41,0.0,0.0003612304234869627,374.37037795387096,1332.5262319678586
H1_SUS_OMC_M1_DAMP_T_IN1_DQ,0.0003721155940165985,0.001040387355419766,0.04329970562830734,60.0,0.0003123844514399419,0.00028041316177477194,41,41,0.0,2.9828690571387834e-05,0.012285275733751587,33.968931512314
H1_SQZ_FC_WFS_A_I_YAW_OUT_DQ,0.00033737037828270413,0.0003460308222818832,0.0023900409049656865,66.0,0.0003116812459154257,0.0003027531364289855,41,41,0.0,-0.00047426101190286164,61.67307164108675,61.673095333907604
H1_ASC_REFL_A_DC_NSUM_OUT_DQ,0.001005342266220377,0.014559405712621862,0.5549142463563516,60.0,0.00031058966189109093,0.0003398785693920964,41,41,0.0,0.0007849895795079189,19.90170509992926,6238.971442094303
H1_SUS_TMSY_M1_DAMP_Y_IN1_DQ,0.00038706869461726975,0.001106286957063135,0.04102840067783161,960.0,0.0003072965676459594,0.000297704735003287,41,41,0.0,3.942394926610941e-05,0.03222306713589288,40.79363887485723
H1_SQZ_FC_WFS_B_I_YAW_OUT_DQ,0.0003780048355671396,0.00040147526325969956,0.003709350372621222,1000.5,0.0003072090074488774,0.00024323318578745541,41,41,0.0,6.645606716230077e-06,62.366409134517696,62.366486923243556
H1_SUS_TMSX_M1_DAMP_P_IN1_DQ,0.00036882876133514697,0.0009183806001633514,0.03679676278128792,60.0,0.00030677744924988647,0.00028447658011864993,41,41,0.0,0.0001531386068266463,0.018882805476429492,144.5724550511741
H1_ISI_ETMX_ST1_BLND_Y_T240_CUR_IN1_DQ,0.0017040985243416738,0.03581209327639656,0.9752123339645258,60.0,0.0003042062275516007,0.00029863243239300184,41,41,0.0,-2.0314465995150124e-06,1692.9055500000356,1695.7710439548887
H1_SUS_ETMY_L1_WIT_Y_DQ,0.00035077797332372433,0.00047363095558944476,0.0100423318431685,1007.5,0.0003026009502740542,0.0002870139335953225,41,41,0.0,-0.00016012792741838136,0.05326971912810659,326.5376935615219
H1_ISI_ETMX_ST1_BLND_X_T240_CUR_IN1_DQ,0.001573889356905541,0.030981357937666758,0.9202720953164365,60.0,0.0003018417456205702,0.0003095118998334444,41,41,0.0,-0.00018368282486529747,467.20425346121107,497.0320017025309
H1_SQZ_FIBR_SLOW_OUT_DQ,0.00043604507610489813,0.0020036273052747816,0.0812971526069738,180.0,0.00030133105842262986,0.00023845975208844683,41,41,0.0,-6.753579715619546e-05,0.686587418665507,71.45988592192175
H1_SUS_ETMY_M0_DAMP_R_IN1_DQ,0.0003622338320935287,0.0006359857072666224,0.02070919781323619,961.0,0.0003010891156935865,0.0003176517342017299,41,41,0.0,0.0012751913223747872,0.011645513000393603,65.86022289231325
H1_SUS_ITMX_L1_WIT_Y_DQ,0.00040418250552992196,0.0016912725836748083,0.05629860206081086,960.0,0.00029995506102321006,0.0002699779966855048,41,41,0.0,8.029559118955628e-06,0.021370422998073842,280.8228869591115
H1_ISI_GND_BRS_ETMY_RX_OUT_DQ,0.00038543700677944954,0.001212899458450069,0.0415615206845073,1007.5,0.00029967269824963244,0.00032510786498598577,41,41,0.0,9.627639724432307e-06,100.44690999780151,103.70078226013527
H1_ASC_AS_A_DC_PIT_OUT_DQ,0.00040693173000373706,0.0008983315353303597,0.01658822545600305,5.5,0.0002994674689952008,0.0002867833570062196,41,41,0.0,-0.00028912022294609526,0.009403865079700539,0.009403865119035274
H1_SUS_OPO_M1_DAMP_P_IN1_DQ,0.0003778344233485927,0.0012348646773143303,0.04540810785414785,960.0,0.0002990154770912791,0.00023013970481368997,41,41,0.0,0.0007320131344036214,5.421440219027501e-06,0.03445069658689152
H1_SQZ_ASC_POS_P_OUT_DQ,0.0003942959014260663,0.0009732064781610817,0.030988934595126492,960.0,0.00029321018210350574,0.0002619235055054717,41,41,0.0,-0.00023310006501020604,0.2440465018329431,2.610174332297675
H1_SUS_MC3_M2_WIT_P_DQ,0.00038333434450513914,0.001398955576059159,0.04881362145372995,960.0,0.0002874050223163481,0.0002817536728148826,41,41,0.0,-6.825211323463495e-05,0.0383213358822324,6.5146347862611265
H1_ASC_INP1_Y_OUT_DQ,0.0003501762239459704,0.00036609696136965153,0.0034582216402184052,763.5,0.000285140262715475,0.0002524184193104005,41,41,0.0,1.2416368083222479e-05,0.08658338112447188,0.08658351238228201
H1_ASC_Y_TR_A_NSUM_OUT_DQ,0.0008873268187749326,0.012116036480783623,0.4736141541108911,180.0,0.00028479815118051207,0.000279025642118209,41,41,0.0,-8.688687557109648e-05,234.25622353387996,427443.50698035356
H1_SUS_ZM2_M1_DAMP_Y_IN1_DQ,0.00040518351738468445,0.0016774781293673064,0.052450910897796826,960.0,0.0002844258117140499,0.0002351399631463084,41,41,0.0,0.0003239744266760841,0.02271415342549428,107.7605029834671
H1_IMC_MC1_YAW_OUT_DQ,0.00034259370969553203,0.000348775503236544,0.0029653794690298694,839.5,0.0002843369492392457,0.00026779453878424987,41,41,0.0,-1.9420472821789023e-07,0.024770070306005965,3.757508210873878
H1_IMC_MC3_YAW_OUT_DQ,0.00034259370969553203,0.000348775503236544,0.0029653794690298694,839.5,0.0002843369492392457,0.00026779453878424987,41,41,0.0,1.9420472821789023e-07,0.024770070306005965,3.757508210873878
H1_SUS_ZM4_M1_DAMP_Y_IN1_DQ,0.00035793854951908375,0.00043541311985473497,0.006785873229064125,961.0,0.0002838589201418159,0.00021594886472313423,41,41,0.0,-0.000565486425687768,0.017735560971085695,247.28198814527596
H1_SUS_OMC_M1_DAMP_R_IN1_DQ,0.00034036106445034216,0.0003486170534905445,0.0027476753073628836,970.5,0.0002824283249609757,0.00024091417199732863,41,41,0.0,-1.950110066907874e-05,0.12200956445685023,221.70446573861454
H1_SQZ_HD_A_DC_OUT_DQ,0.0005159051987827587,0.00382264204499987,0.13714490662277817,180.0,0.00027969885529223,0.00025357162509573306,41,41,0.0,3.896435207966819e-05,1.7367593868316266e-06,4.9099915415079895e-06
H1_SUS_PR3_M1_DAMP_Y_IN1_DQ,0.0005873396968786817,0.004477156039983267,0.1270465418362175,5.0,0.0002773387799435133,0.00030588828951047525,41,41,0.0,-0.008616866155902644,0.01045329132114823,101.40832827787256
H1_SUS_ETMY_L3_OPLEV_SUM_OUT_DQ,0.0003699216316379191,0.0008195279815729617,0.02484108354082699,960.0,0.00027588381640681155,0.00023335227466977215,41,41,0.0,-0.00027880097324224585,35.77013385581552,7214.066709015145
H1_SQZ_FC_WFS_A_Q_SUM_OUT_DQ,0.00036632882824765153,0.00036314757535337234,0.003571487802926342,248.5,0.000275818984139015,0.000243834345913836,41,41,0.0,-0.0010040823636782142,62.12777591152438,3124.2797770113034
H1_IMC_PZT_YAW_OUT_DQ,0.0003350805976192943,0.0003347704611542029,0.0025901438905753193,268.5,0.00027528782626348096,0.0002700172483225492,41,41,0.0,3.0582268354971626e-05,0.24478180482950454,4671.015794175015
H1_SUS_SRM_M2_WIT_Y_DQ,0.00039370268037628684,0.0015320308730614699,0.05277935445460699,960.0,0.00027397814729372065,0.000228249432226471,41,41,0.0,7.741390076237835e-05,0.3621558585658254,228.05819466012974
H1_ASC_X_TR_A_NSUM_OUT_DQ,0.0007996985708494454,0.009171114036297154,0.3512641750532053,60.0,0.00027272670774302525,0.00028576009513783595,41,41,0.0,2.0154343681922487e-05,145.42291003204528,314421.8839013716
H1_SUS_OM3_M1_DAMP_Y_IN1_DQ,0.0003625580942689252,0.0004884817124089617,0.014405776863048782,961.0,0.00027244875466094404,0.0002592940417607202,41,41,0.0,-3.187165114336867e-05,0.3526180701601562,629.7738007004515
H1_PSL_OSC_PD_AMP_DC_OUT_DQ,0.0004538743115194189,0.0027158281282039947,0.10546470698747354,60.0,0.0002669174734355858,0.00025130431176576977,41,41,0.0,-0.0005676325944163602,0.0008787648783276437,0.00516711774308973
H1_SUS_ETMY_L1_WIT_P_DQ,0.00038766202800683973,0.0013989286519321812,0.04932773213226485,960.0,0.0002630554703035833,0.00028157905214307264,41,41,0.0,-0.00010875399336591091,0.08697723409201041,13.184914736574317
H1_ASC_X_TR_B_NSUM_OUT_DQ,0.000919470214033303,0.012148033688139288,0.4623421087320069,60.0,0.00025408621384717244,0.0002875168035656658,41,41,0.0,5.1513867196128446e-06,191.89591134342538,409921.1419283245
H1_SUS_MC2_M3_WIT_Y_DQ,0.0004517989729898794,0.0034960452405021825,0.1452662079752077,60.0,0.00025231593873829475,0.00028175167001848205,41,41,0.0,7.550349048496888e-05,0.10403687758475513,650.9644655091381
H1_LSC_POPAIR_B_RF90_I_ERR_DQ,0.00036469245479369886,0.0009106716897868825,0.03623369803741267,180.0,0.0002465772964533634,0.0002596239327685741,41,41,0.0,0.0011042330788526933,1.1066342486898868,2.00716194458322
H1_ASC_AS_B_RF42_PIT_OUT_DQ,0.00035210834235863744,0.0005031920918641597,0.012509452451637206,4.0,0.00024336603558740454,0.00021934101019355744,41,41,0.0,-0.0006105063007442251,0.025350111661504113,0.0253501119797078
H1_SUS_ITMY_M0_DAMP_P_IN1_DQ,0.0004018509172269994,0.0010679317794332287,0.02806145691592779,60.0,0.00024009695645441125,0.00025738287144354245,41,41,0.0,0.0022190934729210453,0.055043647763650255,55.9661436556839
H1_SQZ_FC_ASC_CAV_ANG_P_OUT_DQ,0.00033705518124089816,0.00032911609278095974,0.002549272353203811,313.5,0.00022858368041052702,0.00022977569303731288,41,41,0.0,-2.693338262859789e-05,0.051097602002330364,21.449855371317483
H1_SUS_BS_M1_DAMP_P_IN1_DQ,0.00034054505877171356,0.0003459199452445085,0.003817111338726806,188.0,0.00022676694504629306,0.00019681116201978005,41,41,0.0,0.00043409371292146837,0.09741397937736544,1747.7497179168913
H1_PEM_EY_LOWFMIC_VEA_FLOOR_DQ,0.00036798286645582624,0.0008947113081978901,0.035572681967512294,60.0,0.00022239664533788467,0.00020858003541026412,41,41,0.0,2.80457829507694e-05,366.92086397220663,387.3082697261197
H1_ASC_SRC2_P_OUT_DQ,0.00032967162599819335,0.00035495248407807164,0.0031007884489365283,169.0,0.00020570843727114532,0.00020419488792258725,41,41,0.0,-1.9176010562960453e-05,14.260841460445722,14.260842856262014
H1_PEM_CS_ADC_4_31_16K_OUT_DQ,0.0003272174466245331,0.0003207066698077681,0.002526130667466262,923.5,0.00017627565604612562,0.00016055202806151186,41,41,0.0,-0.001860772694427086,44.3503901599676,9714.286392424345
H1_ASC_PRC1_P_OUT_DQ,nan,nan,nan,nan,nan,nan,0,41,1.0,nan,0.0,0.0
H1_ASC_PRC1_Y_OUT_DQ,nan,nan,nan,nan,nan,nan,0,41,1.0,nan,0.0,0.0
H1_SQZ_CLF_SERVO_EXC_OUT_DQ,nan,nan,nan,nan,nan,nan,0,41,1.0,nan,0.0,0.0
H1_SQZ_LO_SERVO_EXC_OUT_DQ,nan,nan,nan,nan,nan,nan,0,41,1.0,nan,0.0,0.0
